<?xml version="1.0" encoding="UTF-8" ?>
<NotepadPlus>
    <Native-Langue name = "Magyar">
       <Menu>
           <Main>
                <!-- Main Menu Entries -->
              <Entries>
                 <Item id = "0" name = "Fájl"/>
                 <Item id = "1" name = "Szerkesztés"/>
                 <Item id = "2" name = "Keresés"/>
                 <Item id = "3" name = "Nézet"/>
                 <Item id = "4" name = "Formátum"/>
                 <Item id = "5" name = "Nyelv"/>
                 <Item id = "6" name = "Beállítások"/>
                 <Item id = "7" name = "Makró"/>
                 <Item id = "8" name = "Futtatás"/>
                 <Item idName = "Plugins" name = "Bővítmények"/>
                 <Item idName = "Window" name = "Ablakok"/>
              </Entries>
              
                <!-- Sub Menu Entries -->
                <SubEntries>
                    <Item posX = "3" posY = "20" name = "Adott szintű blokkok összecsukása"/>
                    <Item posX = "3" posY = "21" name = "Adott szintű blokkok kibontása"/>
                </SubEntries>
                
                <!-- all menu item -->
                <Commands>
                    <Item id = "41001" name = "Új"/>
                    <Item id = "41002" name = "Megnyitás"/>
                    <Item id = "41003" name = "Bezárás"/>
                    <Item id = "41004" name = "Mind bezárása"/>
                    <Item id = "41005" name = "Mind bezárása a jelenlegi kivételével"/>
                    <Item id = "41006" name = "Mentés"/>
                    <Item id = "41007" name = "Mind mentése"/>
                    <Item id = "41008" name = "Mentés másként..."/>
                    <Item id = "41010" name = "Nyomtatás..."/>
                    <Item id = "1001"  name = "Nyomtatás"/>
                    <Item id = "41011" name = "Kilépés"/>
                    <Item id = "41012" name = "Munkamenet betöltése..."/>
                    <Item id = "41013" name = "Munkamenet mentése..."/>
                    <Item id = "41014" name = "Újbóli betöltés a merevlemezről"/>
                    <Item id = "41015" name = "Másolat mentése..."/>
                    <Item id = "41016" name = "Törlés a merevlemezről"/>
                    <Item id = "41017" name = "Átnevezés..."/>
                    
                    <Item id = "42001" name = "Kivágás"/>
                    <Item id = "42002" name = "Másolás"/>
                    <Item id = "42003" name = "Visszavonás"/>
                    <Item id = "42004" name = "Mégis"/>
                    <Item id = "42005" name = "Beillesztés"/>
                    <Item id = "42006" name = "Törlés"/>
                    <Item id = "42007" name = "Mind kijelölése"/>
                    <Item id = "42008" name = "Tabulátor beszúrása (Behúzás növelése)"/>
                    <Item id = "42009" name = "Tabulátor törlése (Behúzás csökkentése)"/>
                    <Item id = "42010" name = "Aktuális sor megkettőzése"/>
                    <Item id = "42012" name = "Sorok szétvágása (Sortördelés rögzítése)"/>
                    <Item id = "42013" name = "Sorok összevonása"/>
                    <Item id = "42014" name = "Aktuális sor mozgatása feljebb"/>   
                    <Item id = "42015" name = "Aktuális sor mozgatása lejjebb"/>   
                    <Item id = "42016" name = "Formázás nagybetűsre"/>
                    <Item id = "42017" name = "Formázás kisbetűsre"/>
                    <Item id = "42018" name = "Makró rögzítése"/>
                    <Item id = "42019" name = "Rögzítés megállítása"/>
                    <Item id = "42021" name = "Makró futtatása"/>
                    <Item id = "42022" name = "Sor megjegyzéssé alakítása/visszaalakítás"/>
                    <Item id = "42023" name = "Kijelölés megjegyzéssé alakítása"/>
                    <Item id = "42024" name = "Sorvégi szóközök eltávolítása"/>
                    <Item id = "42025" name = "A rögzített makró mentése"/>
                    <Item id = "42026" name = "Szövegirány jobbról balra"/>
                    <Item id = "42027" name = "Szövegirány balról jobbra"/>
                    <Item id = "42028" name = "Írásvédett"/>
                    <Item id = "42029" name = "Teljes elérési útvonal másolása a vágólapra"/>
                    <Item id = "42030" name = "Fájlnév másolása a vágólapra"/>
                    <Item id = "42031" name = "Mappa útvonalának másolása a vágólapra"/>
                    <Item id = "42032" name = "Makró többszöri futtatása..."/>
                    <Item id = "42033" name = "Írásvédett attribútum törlése"/>
                    <Item id = "42035" name = "Sor megjegyzéssé alakítása"/>
                    <Item id = "42036" name = "Sor visszalakítása a megjegyzésből"/>
                    
                    <Item id = "43001" name = "Keresés..."/>
                    <Item id = "43002" name = "Következő keresése"/>
                    <Item id = "43003" name = "Csere..."/>
                    <Item id = "43004" name = "Ugrás..."/>
                    <Item id = "43005" name = "Sor megjelölése könyvjelzővel"/>
                    <Item id = "43006" name = "Következő könyvjelző"/>
                    <Item id = "43007" name = "Előző könyvjelző"/>
                    <Item id = "43008" name = "Összes könyvjelző eltávolítása"/>
                    <Item id = "43009" name = "Ugrás a zárójel párjához"/>
                    <Item id = "43010" name = "Előző keresése"/>
                    <Item id = "43011" name = "Növekményes keresés..."/>
                    <Item id = "43013" name = "Keresés fájlokban..."/>
                    <Item id = "43014" name = "Következő keresése (felejtő)"/>
                    <Item id = "43015" name = "Előző keresése (felejtő)"/>
                    <Item id = "43016" name = "Összes kiemelése"/>
                    <Item id = "43017" name = "Kiemelések eltávolítása"/>
                    <Item id = "43018" name = "Könyvjelzős sorok kivágása"/>
                    <Item id = "43019" name = "Könyvjelzős sorok másolása"/>
                    <Item id = "43020" name = "Beillesztés (Csere) a könyvjelzős sorokba"/>
                    <Item id = "43021" name = "Könyvjelzős sorok törlése"/>
                    <Item id = "44009" name = "Ablakkeret nélküli nézet"/>
                    <Item id = "44010" name = "Minden blokk összecsukása"/>
                    <Item id = "44011" name = "Egyéni nyelv beállítása"/>
                    <Item id = "44019" name = "Minden láthatatlan karakter megjelenítése"/>
                    <Item id = "44020" name = "Behúzás sorvezetőjének megjelenítése"/>
                    <Item id = "44022" name = "Hosszú sorok tördelése"/>
                    <Item id = "44023" name = "Nagyítás	Ctrl-Mouse Wheel Up"/>
                    <Item id = "44024" name = "Kicsinyítés	Ctrl-Mouse Wheel Down"/>
                    <Item id = "44025" name = "Szóközök és tabulátorok megjelenítése"/>
                    <Item id = "44026" name = "Sorvégjelek megjelenítése"/>
                    <Item id = "44029" name = "Minden blokk kibontása"/>
                    <Item id = "44030" name = "Az aktuális blokk összecsukása"/>
                    <Item id = "44031" name = "Az aktuális blokk kibontása"/>
                    <Item id = "44032" name = "Teljes képernyős megjelenítés"/>
                    <Item id = "44033" name = "Alapértelmezett nagyítás visszaállítása"/>
                    <Item id = "44034" name = "Mindig felül"/>
                    <Item id = "44035" name = "Szinkronizált függőleges görgetés"/>
                    <Item id = "44036" name = "Szinkronizált vízszíntes görgetés"/>
                    <Item id = "44041" name = "Sortörés szimbólum megjelenítése"/>
                    <Item id = "44072" name = "Fókuszváltás a két nézet között"/>
                   
                    <Item id = "45001" name = "Átalakítás Windows formátumra"/>
                    <Item id = "45002" name = "Átalakítás UNIX formátumra"/>
                    <Item id = "45003" name = "Átalakítás MAC formátumra"/>
                    <Item id = "45004" name = "ANSI kódolás"/>
                    <Item id = "45005" name = "UTF-8 kódolás"/>
                    <Item id = "45006" name = "UCS-2 Big Endian kódolás"/>
                    <Item id = "45007" name = "UCS-2 Little Endian kódolás"/>
                    <Item id = "45008" name = "UTF-8 kódolás (BOM nélkül)"/>
                    <Item id = "45009" name = "Átalakítás ANSI kódolásra"/>
                    <Item id = "45010" name = "Átalakítás UTF-8 kódolásra (BOM nélkül)"/>
                    <Item id = "45011" name = "Átalakítás UTF-8 kódolásra"/>
                    <Item id = "45012" name = "Átalakítás UCS-2 Big Endian kódolásra"/>
                    <Item id = "45013" name = "Átalakítás UCS-2 Little Endian kódolásra"/>
                    
                    <Item id = "10001" name = "Váltás a másik nézetre"/>
                    <Item id = "10002" name = "Megnyitás a másik nézetben is"/>
                    <Item id = "10003" name = "Új program példány indítása"/>
                    <Item id = "10004" name = "Megnyitás egy új példányban"/>
                    
                    
                    <Item id = "46001" name = "Stílusok beállításai..."/>
                    <Item id = "47000" name = "Névjegy..."/>
                    <Item id = "47001" name = "Notepad++ honlapja"/>
                    <Item id = "47002" name = "Notepad++ projekt oldal"/>
                    <Item id = "47003" name = "Online segítség"/>
                    <Item id = "47004" name = "Fórum"/>
                    <Item id = "47005" name = "További bővítmények"/>
                    
                    <Item id = "48009" name = "Billentyűparancsok beállítása..."/>
                    <Item id = "48011" name = "Program beállítások..."/>
                    <Item id = "49000" name = "Futtatás..."/>
                    
                    <Item id = "50000" name = "Függvény kiegészítés (Nyelv függő)"/>
                    <Item id = "50001" name = "Szó kiegészítés (Dokumentum függő)"/>
                    <Item id = "50002" name = "Segítség a függvény paramétereihez"/>
                    <Item id = "42034" name = "Oszlop szerkesztő..."/>
                    <Item id = "44042" name = "Sorok elrejtése"/>
                    <Item id = "42040" name = "Minden előzmény megnyitása"/>
                    <Item id = "42041" name = "Előzmények törlése"/>
                    
                </Commands>
          </Main>
          <Splitter>
          </Splitter>
            <TabBar>
                 <Item order = "0" name = "Bezárás"/>
                 <Item order = "1" name = "Mind bezárása ennek a kivételével"/>
                 <Item order = "2" name = "Mentés"/>
                 <Item order = "3" name = "Mentés másként..."/>
                 <Item order = "4" name = "Nyomtatás..."/>
                 <Item order = "5" name = "Váltás a másik nézetre"/>
                 <Item order = "6" name = "Megnyitás a másik nézetben is"/>
                 <Item order = "7" name = "Teljes elérési útvonal másolása a vágólapra"/>
                 <Item order = "8" name = "Fájlnév másolása a vágólapra"/>
                 <Item order = "9" name = "Mappa útvonalának másolása a vágólapra"/>
                 <Item order = "10" name = "Átnevezés..."/>
                 <Item order = "11" name = "Törlés"/>
                 <Item order = "12" name = "Írásvédett"/>
                 <Item order = "13" name = "Írásvédett attribútum törlése"/>
                 <Item order = "14" name = "Új program példány indítása"/>
                 <Item order = "15" name = "Megnyitás egy új példányban"/>
           </TabBar>
       </Menu>
       
       <Dialog>
            <Find title = "" titleFind = "Keresés" titleReplace = "Csere" titleFindInFiles = "Keresés fájlokban">
                <Item id = "1" name = "Következő keresése"/>
                <Item id = "2" name = "Bezárás"/>
                <Item id = "1620" name = "Keresendő :"/>
                <Item id = "1603" name = "Teljes szóval megegyező"/>
                <Item id = "1604" name = "Kis- és nagybetűk különböznek"/>
                <Item id = "1605" name = "Mintaillesztéssel (Reg-ex)"/>
                <Item id = "1606" name = "Az egész dokumentumban"/>
                <Item id = "1612" name = "Vissza"/>
                <Item id = "1613" name = "Előre"/>
                <Item id = "1614" name = "Számlálás"/>
                <Item id = "1615" name = "Összes keresése"/>
                <Item id = "1616" name = "Sorok megjelölése"/>
                <Item id = "1617" name = "Találatok kiemelése"/>
                <Item id = "1618" name = "Előző jelölések eltávolítása"/>
                <Item id = "1621" name = "Irány"/>
                <Item id = "1611" name = "Csere erre :"/>
                <Item id = "1608" name = "Csere"/>
                <Item id = "1609" name = "Összes cseréje"/>
                <Item id = "1623" name = "Átlátszó"/>
                <Item id = "1687" name = "Ha nincs fókusz"/>
                <Item id = "1688" name = "Mindig"/>
                <Item id = "1632" name = "A kijelölésben"/>
                <Item id = "1633" name = "Törlés"/>
                <Item id = "1635" name = "Csere a megnyitott dokumentumokban"/>
                <Item id = "1636" name = "Keresés a megnyitott dokumentumokban"/>
                <Item id = "1637" name = "Keresés fájlokban"/>
                <Item id = "1640" name = "Ablak váltás"/>
                <Item id = "1654" name = "Fájlnév szűrő :"/>
                <Item id = "1655" name = "Mappa :"/>
                <Item id = "1656" name = "Összes keresése"/>
                <Item id = "1658" name = "Almappákban is"/>
                <Item id = "1659" name = "Rejtett mappákban is"/>
                <Item id = "1624" name = "Keresési mód"/>
                <Item id = "1625" name = "Normál"/>
                <Item id = "1626" name = "Bővített (\n, \r, \t, \0, \x...)"/>
            </Find>
            <GoToLine title = "Ugrás">
                <Item id = "2007" name = "Sorra"/>
                <Item id = "2008" name = "Karakterpozícióra"/>
                <Item id = "1" name = "Ugrás"/>
                <Item id = "2" name = "Mégse"/>
                <Item id = "2004" name = "Jelenlegi hely :"/>
                <Item id = "2005" name = "Hova ugorjon :"/>
                <Item id = "2006" name = "Maximális érték :"/>
            </GoToLine>
            
            <Run title = "Futtatás">
                <Item id = "1903" name = "Adja meg a futtatni kívánt programot"/>
                <Item id = "1" name = "Indítás"/>
                <Item id = "2" name = "Mégse"/>
                <Item id = "1904" name = "Mentés..."/>
            </Run>
            
            <StyleConfig title = "Stílusok beállításai">
              <Item id = "1" name = "Előnézet"/>
              <Item id = "2" name = "Mégse"/>
              <Item id = "2301" name = "Mentés és bezárás"/>
              <Item id = "2303" name = "Átlátszó"/>
              
                <SubDialog>
                    <Item id = "2204" name = "Félkövér"/>
                    <Item id = "2205" name = "Dőlt"/>
                    <Item id = "2206" name = "Szöveg színe"/>
                    <Item id = "2207" name = "Háttér színe"/>
                    <Item id = "2208" name = "Betűtípus :"/>
                    <Item id = "2209" name = "Méret :"/>
                    <!--
                    <Item id = "2210" name = "Figyelem! Ez a stílus az összes nem definiált stílus alapértelmezett beállítása is egyben!"/>
                    -->
                    <Item id = "2211" name = "Stílus neve :"/>
                    <Item id = "2212" name = "Színbeállítások"/>
                    <Item id = "2213" name = "Betűtípus beállítások"/>
                    <Item id = "2214" name = "Kiterjesztés :"/>
                    <Item id = "2216" name = "Egyéni kiterj.:"/>
                    <Item id = "2218" name = "Aláhúzott"/>
                    <Item id = "2219" name = "Alapértelmezett kulcsszavak"/>
                    <Item id = "2221" name = "Felhasználó által megadott kulcsszavak"/>
                    <Item id = "2225" name = "Nyelv :"/>
                    <Item id = "2226" name = "Globális szövegszín engedélyezése"/>
                    <Item id = "2227" name = "Globális háttérszín engedélyezése"/>
                    <Item id = "2228" name = "Globális betűtípus engedélyezése"/>
                    <Item id = "2229" name = "Globális betűméret engedélyezése"/>
                    <Item id = "2230" name = "Globális félkövér betűk engedélyezése"/>
                    <Item id = "2231" name = "Globális dőlt betűk engedélyezése"/>
                    <Item id = "2232" name = "Globális aláhúzás engedélyezése"/>
                </SubDialog>
              
            </StyleConfig>
            
            <UserDefine title = "Egyéni nyelv beállítása">
              <Item id = "20002" name = "Átnevezés"/>
               <Item id = "20003" name = "Új létrehozása"/>
              <Item id = "20004" name = "Törlés"/>
              <Item id = "20005" name = "Mentés másként"/>
              <Item id = "20007" name = "Egyéni nyelv : "/>
              <Item id = "20009" name = "Kiterj.:"/>
              <Item id = "20012" name = "Kis, nagybetűs is"/>
              <Item id = "20011" name = "Átlátszó"/>
              <Item id = "0" name = "Színbeállítások"/>
              <Item id = "1" name = "Szöveg színe"/>
              <Item id = "2" name = "Háttér színe"/>
              <Item id = "3" name = "Betűtípus beállítások"/>
              <Item id = "4" name = "Betűtípus :"/>
              <Item id = "5" name = "Méret :"/>
              <Item id = "6" name = "Félkövér"/>
              <Item id = "7" name = "Dőlt"/>
              <Item id = "8" name = "Aláhúzott"/>
                <Folder title = "Alapstílus és Blokk">
                  <Item id = "21101" name = "Alapértelmezett stílus beállításai"/>
                  <Item id = "21201" name = "Blokk kezdőszavak beállításai"/>
                  <Item id = "21301" name = "Blokk zárószavak beállításai"/>
                </Folder>
                <Keywords title = "Kulcsszó listák">
                  <Item id = "22101" name = "Első szócsoport"/>
                  <Item id = "22201" name = "Második szócsoport"/>
                  <Item id = "22301" name = "Harmadik szócsoport"/>
                  <Item id = "22401" name = "Negyedik szócsoport"/>
                  <Item id = "22113" name = "Előtag mód"/>
                  <Item id = "22213" name = "Előtag mód"/>
                  <Item id = "22313" name = "Előtag mód"/>
                  <Item id = "22413" name = "Előtag mód"/>
                </Keywords>
                <Comment title = "Megjegyzések és Számok">
                  <Item id = "23301" name = "Megjegyzéssor"/>
                  <Item id = "23101" name = "Megjegyzésblokk"/>
                  <Item id = "23113" name = "Megjegyzésblokk kezdete :"/>
                  <Item id = "23115" name = "Megjegyzésblokk vége :"/>
                  <Item id = "23116" name = "Kezelés szimbólumként"/>
                  <Item id = "23117" name = "Kezelés szimbólumként"/>
                  <Item id = "23201" name = "Számok"/>
                </Comment>
                <Operator title = "Operátorok">
                  <Item id = "24107" name = "Operátorok"/>
                  <Item id = "24103" name = "Lehetséges szimbólumok"/>
                  <Item id = "24101" name = "Aktivált operátorok"/>
                  <Item id = "24201" name = "Határolójelek 1"/>
                  <Item id = "24211" name = "Kezdő karakter :"/>
                  <Item id = "24214" name = "Záró karakter :"/>
                  <Item id = "24301" name = "Határolójelek 2"/>
                  <Item id = "24311" name = "Kezdő karakter :"/>
                  <Item id = "24314" name = "Záró karakter :"/>
                </Operator>
            </UserDefine>
            <Preference title = "Program beállítások">
                <Item id = "6001" name = "Bezárás"/>
                <Global title = "Általános">
                    <Item id = "6101" name = "Eszköztár"/>
                    <Item id = "6102" name = "Elrejtés"/>
                    <Item id = "6103" name = "Kis ikonok"/>
                    <Item id = "6104" name = "Nagy ikonok"/>
                    <Item id = "6105" name = "Szokásos ikonok"/>
                    
                    <Item id = "6106" name = "Dokumentum fülek"/>
                    <Item id = "6107" name = "Kis méretű fülek"/>
                    <Item id = "6108" name = "Fülek rögzítése (nem mozgatható)"/>
                    <Item id = "6109" name = "Inaktív fülek sötétítése"/>
                    <Item id = "6110" name = "Aktív fül jelölése narancsszín vonallal"/>
                    
                    <Item id = "6111" name = "Állapotsor megjelenítése"/>
                    <Item id = "6112" name = "Bezárás gomb megjelenítése a füleken"/>
                    <Item id = "6113" name = "Bezárás dupla kattintással"/>
                    <Item id = "6118" name = "Elrejtés"/>
                    <Item id = "6119" name = "Többsoros"/>
                    <Item id = "6120" name = "Függőleges"/>
                    
                    <Item id = "6121" name = "Menüsor"/>
                    <Item id = "6122" name = "Elrejtés (Használja az Alt vagy F10 billentyűt a váltáshoz)"/>
                </Global>
                <Scintillas title = "Megjelenítés beállításai">
                    <Item id = "6216" name = "Kurzor beállításai"/>
                    <Item id = "6217" name = "Szélesség:"/>
                    <Item id = "6219" name = "Villogás:"/>
                    <Item id = "6221" name = "GY"/>
                    <Item id = "6222" name = "L"/>
                    
                    <Item id = "6301" name = "Tabulátor beállításai"/>
                    <Item id = "6302" name = "Csere szóközre"/>
                    <Item id = "6303" name = "Tabulátor méret:"/>
                    
                    <Item id = "6201" name = "Forráskód blokkok stílusa"/>
                    <Item id = "6202" name = "Egyszerű"/>
                    <Item id = "6203" name = "Nyíl ikon"/>
                    <Item id = "6204" name = "Kör ikon"/>
                    <Item id = "6205" name = "Négyzet ikon"/>
                    
                    <Item id = "6206" name = "Sorok számozásának megjelenítése"/>
                    <Item id = "6207" name = "Könyvjelzők margójának megjelenítése"/>
                    <Item id = "6208" name = "Jobb oldali margó megjelenítése"/>
                    <Item id = "6209" name = "Margó helyzete:"/>
                    
                    <Item id = "6211" name = "Jobb oldali margó beállításai"/>
                    <Item id = "6212" name = "Megjelenítés vonallal"/>
                    <Item id = "6213" name = "Megjelenítés kiemeléssel"/>
                    <Item id = "6214" name = "Aktuális sor kiemelése"/>
                </Scintillas>
                <NewDoc title = "Új dokumentum / Mappahasználat">
                    <Item id = "6419" name = "Új dokumentum"/>
                    <Item id = "6401" name = "Formátum"/>
                    <Item id = "6402" name = "Windows"/>
                    <Item id = "6403" name = "Unix"/>
                    <Item id = "6404" name = "Mac"/>
                    <Item id = "6405" name = "Kódolás"/>
                    <Item id = "6406" name = "ANSI"/>
                    <Item id = "6407" name = "UTF-8 BOM nélkül"/>
                    <Item id = "6408" name = "UTF-8"/>
                    <Item id = "6409" name = "UCS-2 Big Endian"/>
                    <Item id = "6410" name = "UCS-2 Little Endian"/>
                    <Item id = "6411" name = "Alapértelmezett nyelv:"/>
                    <Item id = "6413" name = "Alapértelmezett mappa a fájl megnyitáskor és mentéskor"/>
                    <Item id = "6414" name = "Ugyanott mint a jelenlegi dokumentum"/>
                    <Item id = "6415" name = "Az utoljára használt mappa megjegyzése"/>
                </NewDoc>
                <FileAssoc title = "Fájl társítások">
                    <Item id = "4009" name = "Támogatott kiterj.:"/>
                    <Item id = "4010" name = "Társított kiterj.:"/>
                </FileAssoc>
                <LangMenu title = "Nyelv menü">
                    <Item id = "6505" name = "Elérhető nyelvek:"/>
                    <Item id = "6506" name = "Letiltott nyelvek:"/>
                </LangMenu>
                <Print1 title = "Nyomtatás - Színek és Margó">
                    <Item id = "6601" name = "Sorok számozásának nyomtatása"/>
                    <Item id = "6602" name = "Színes nyomtatás beállításai"/>
                    <Item id = "6603" name = "Ahogy látszódik (WYSIWYG)"/>
                    <Item id = "6604" name = "Színek megfordítása"/>
                    <Item id = "6605" name = "Fekete-fehérben"/>
                    <Item id = "6606" name = "Háttérszín nélkül"/>
                    <Item id = "6607" name = "Nyomtatási margók (mm-ben)"/>
                    <Item id = "6612" name = "Bal"/>
                    <Item id = "6613" name = "Felső"/>
                    <Item id = "6614" name = "Jobb"/>
                    <Item id = "6615" name = "Alsó"/>
                </Print1>
                <Print2 title = "Nyomtatás - Élőfej és Élőláb">
                    <Item id = "6706" name = "Félkövér"/>
                    <Item id = "6707" name = "Dőlt"/>
                    <Item id = "6708" name = "Élőfej"/>
                    <Item id = "6709" name = "Bal oldalon"/>
                    <Item id = "6710" name = "Középen"/>
                    <Item id = "6711" name = "Jobb oldalon"/>
                    <Item id = "6717" name = "Félkövér"/>
                    <Item id = "6718" name = "Dőlt"/>
                    <Item id = "6719" name = "Élőláb"/>
                    <Item id = "6720" name = "Bal oldalon"/>
                    <Item id = "6721" name = "Középen"/>
                    <Item id = "6722" name = "Jobb oldalon"/>
                    <Item id = "6723" name = "Hozzáadás"/>
                    <Item id = "6725" name = "Változó:"/>
                </Print2>
                <MISC title = "Egyéb">
                    <Item id = "6304" name = "Előzmények beállításai"/>
                    <Item id = "6305" name = "Ne ellenőrizze a fájlokat indításkor"/>
                    <Item id = "6306" name = "Előzmények maximális száma:"/>
                    <Item id = "6307" name = "Engedélyezés"/>
                    <Item id = "6308" name = "Kicsinyítés az értesítési területre"/>
                    <Item id = "6309" name = "Aktuális munkamenet megjegyzése"/>
                    <Item id = "6312" name = "Fájl állapot automatikus észlelése"/>
                    <Item id = "6313" name = "Frissítés értesítés nélkül"/>
                    <Item id = "6318" name = "Kattintható hivatkozások beállításai"/>
                    <Item id = "6325" name = "Ugrás az utolsó sorhoz a frissítés után"/>
                    <Item id = "6319" name = "Engedélyezés"/>
                    <Item id = "6320" name = "Ne legyen aláhúzva"/>
                    <Item id = "6322" name = "Munkamenet kiterj.:"/>
                    <Item id = "6323" name = "Notepad++ frissítés engedélyezése"/>
                    <Item id = "6324" name = "Dokumentum váltó (Ctrl+TAB)"/>
                    <Item id = "6326" name = "Intelligens kiemelés engedélyezése"/>
                    <Item id = "6329" name = "Nyitó és zárótagok kiemelése"/>
                    <Item id= " 6327" name = "Engedélyezés"/>
                    <Item id= " 6328" name = "Attribútumok kiemelése"/>
                    <Item id= " 6330" name = "PHP/ASP sáv kiemelése"/>
                    
                    <Item id = "6331" name = "Csak a fájlnév megjelenítése a fejlécben"/>
                    <Item id = "6114" name = "Engedélyezés"/>
                    <Item id = "6115" name = "Automatikus behúzás"/>
                    <Item id = "6117" name = "Lista sorrendje a használattól függ"/>
                    
                    </MISC>
                <Backup title = "Biztonsági másolat / Kiegészítés">
                    <Item id = "6801" name = "Biztonsági másolat"/>
                    <Item id = "6315" name = "Nincs"/>
                    <Item id = "6316" name = "Egyszerű biztonsági másolat"/>
                    <Item id = "6317" name = "Részletes biztonsági másolat"/>
                    <Item id = "6804" name = "Egyéni mappa használata a biztonsági másolathoz"/>
                    <Item id = "6803" name = "Mappa :"/>
                    <Item id = "6807" name = "Automatikus kiegészítés"/>
                    <Item id = "6808" name = "Automatikus kiegészítés minden bevitelhez"/>
                    <Item id = "6809" name = "Függvény kiegészítés (Nyelv függő)"/>
                    <Item id = "6810" name = "Szó kiegészítés (Dokumentum függő)"/>
                    <Item id = "6811" name = "Honnan:"/>
                    <Item id = "6813" name = "karaktertől"/>
                    <Item id = "6814" name = "(Érvényes értékek: 1 - 9)"/>
                    <Item id = "6815" name = "Segítség a függvény paramétereihez"/>
                </Backup>
            </Preference>
            <MultiMacro title = "Makró többszöri futtatása">
                <Item id = "1" name = "Futtatás"/>
                <Item id = "2" name = "Mégse"/>
                <Item id = "8006" name = "Makró :"/>
                <Item id = "8001" name = "Futtatás"/>
                <Item id = "8005" name = "alkalommal"/>
                <Item id = "8002" name = "A dokumentum végéig"/>
            </MultiMacro>
            <Window title = "Ablakok">
                <Item id = "1" name = "Aktiválás"/>
                <Item id = "2" name = "OK"/>
                <Item id = "7002" name = "Mentés"/>
                <Item id = "7003" name = "Ablakok bezárása"/>
                <Item id = "7004" name = "Fülek rendezése"/>
            </Window>
            <ColumnEditor title = "Oszlop szerkesztő">
                <Item id = "2023" name = "Beillesztendő szöveg"/>
                <Item id = "2033" name = "Beillesztendő számsor"/>
                <Item id = "2030" name = "Kezdő számérték :"/>
                <Item id = "2031" name = "Növekmény :"/>
                <Item id = "2035" name = "Vezető nullák"/>
                <Item id = "2032" name = "Formátum"/>
                <Item id = "2024" name = "Dec"/>
                <Item id = "2025" name = "Oct"/>
                <Item id = "2026" name = "Hex"/>
                <Item id = "2027" name = "Bin"/>
                <Item id = "1" name = "OK"/>
                <Item id = "2" name = "Mégse"/>
            </ColumnEditor>
       </Dialog>
    </Native-Langue>
</NotepadPlus>
