<?xml version="1.0" encoding="Windows-1252" ?>
<NotepadPlus>
   <!-- The key words of the supported languages, don't touch them! -->
   <Languages>
		<Language name="normal"  ext="txt">
        </Language>
		<Language name="actionscript" ext="as mx" commentLine="//" commentStart="/*" commentEnd="*/">
			<Keywords name="instre1">add for lt tellTarget and function ne this break ge new typeof continue gt not var delete if on void do ifFrameLoaded onClipEvent while else in or with eq le return instanceof case default switch</Keywords>
			<Keywords name="type1">arguments constructor class dynamic false extends implements import interface intrinsic newline null private public super static true undefined Accessibility Arguments Array Boolean Button Camera ContextMenu ContextMenuItem CustomActions Color Date Error Function Key LoadVars LocalConnection Math Microphone Mouse MovieClip MovieClipLoader NetConnection NetStream Number PrintJob Object TextField StyleSheet TextFormat TextSnapshot SharedObject Selection Sound Stage String System XML XMLNode XMLSocket Void abs acos asin atan atan2 ceil cos exp floor log max min pow random round sin sqrt tan onActivity onChanged onClose onConnect onData onDragOut onDragOver onEnterFrame onID3 onKeyDown onKeyUp onKillFocus onLoad onLoadComplete onLoadError onLoadInit onLoadProgress onLoadStart onMouseDown onMouseMove onMouseUp onMouseWheel onPress onRelease onReleaseOutside onResize onRollOut onRollOver onScroller onSelect onSetFocus onSoundComplete onStatus onUnload onUpdate onXML addListener addPage addProperty addRequestHeader allowDomain allowInsecureDomain appendChild apply applyChanges asfunction attachAudio attachMovie attachSound attachVideo beginFill beginGradientFill call ceil charAt charCodeAt clear clearInterval cloneNode close concat connect copy cos createElement createEmptyMovieClip createTextField createTextNode curveTo domain duplicateMovieClip endFill escape eval evaluate exp findText floor fscommand flush fromCharCode get getAscii getBeginIndex getBounds getBytesLoaded getBytesTotal getCaretIndex getCode getCount getDate getDay getDepth getEndIndex getFocus getFontList getFullYear getHours getInstanceAtDepth getLocal getMilliseconds getMinutes getMonth getNewTextFormat getNextHighestDepth getPan getProggress getProperty getRGB getSeconds getSelected getSelectedText getSize getStyle getStyleNames getSWFVersion getText getTextExtent getTextFormat getTextSnapshot getTime getTimer getTimezoneOffset getTransform getURL getUTCDate getUTCDay getUTCFullYear getUTCHours getUTCMilliseconds getUTCMinutes getUTCMonth getUTCSeconds getVersion getVolume getYear globalToLocal gotoAndPlay gotoAndStop hasChildNodes hide hideBuiltInItems hitTest hitTestTextNearPos indexOf insertBefore install isActive isDown isToggled join lastIndexOf lineStyle lineTo list load loadClip loadMovie loadMovieNum loadSound loadVariables loadVariablesNum localToGlobal log mbchr mblength mbord mbsubstring min MMExecute moveTo nextFrame nextScene parseCSS parseFloat parseInt parseXML pause play pop pow prevScene print printAsBitmap printAsBitmapNum printNum push random registerClass removeListener removeMovieClip removeNode removeTextField replaceSel replaceText reverse round seek send sendAndLoad setBufferTime set setDate setFocus setFullYear setGain setHours setInterval setMask setMilliseconds setMinutes setMode setMonth setMotionLevel setNewTextFormat setPan setProperty setQuality setRate setRGB setSeconds setSelectColor setSelected setSelection setSilenceLevel setStyle setTextFormat setTime setTransform setUseEchoSuppression setUTCDate setUTCFullYear setUTCHours setUTCMilliseconds setUTCMinutes setUTCMonth setUTCSeconds setVolume setYear shift show showSettings silenceLevel silenceTimeout sin slice sort sortOn splice split sqrt start startDrag stop stopAllSounds stopDrag substr substring swapDepths tan toggleHighQuality toLowerCase toString toUpperCase trace unescape uninstall unLoadClip unloadMovie unloadMovieNum unshift unwatch updateAfterEvent updateProperties useEchoSuppression valueOf watch endinitclip include initclip __proto__ _accProps _alpha _currentframe _droptarget _focusrect _framesloaded _global _height _highquality _level _lockroot _name _parent _quality _root _rotation _soundbuftime _target _totalframes _url _visible _width _x _xmouse _xscale _y _ymouse _yscale activityLevel align allowDomain allowInsecureDomain attributes autoSize avHardwareDisable background backgroundColor bandwidth blockIndent bold border borderColor bottomScroll bufferLenght bufferTime builtInItems bullet bytesLoaded bytesTotal callee caller capabilities caption childNodes color condenseWhite contentType currentFps customItems data deblocking docTypeDecl duration embedFonts enabled exactSettings firstChild focusEnabled font fps gain globalStyleFormat hasAccessibility hasAudio hasAudioEncoder hasEmbeddedVideo hasMP3 hasPrinting hasScreenBroadcast hasScreenPlayback hasStreamingAudio hasStreamingVideo hasVideoEncoder height hitArea hscroll html htmlText indent index italic instanceof int ignoreWhite isDebugger isDown isFinite italic language lastChild leading leftMargin length loaded localFileReadDisable manufacturer maxChars maxhscroll maxscroll menu message motionLevel motionTimeout mouseWheelEnabled multiline muted name names NaN nextSibling nodeName nodeType nodeValue os parentNode password pixelAspectRatio playerType previousSibling prototype quality rate restrict resolutionX resolutionY rightMargin scaleMode screenColor screenDPI screenResolutionX screenResolutionY scroll selectable separatorBefore showMenu size smoothing status styleSheet tabChildren tabEnabled tabIndex tabStops target targetPath text textColor textHeight textWidth time trackAsMenu type underline url useCodepage useEchoSuppression useHandCursor variable version visible width wordWrap xmlDecl</Keywords>
		</Language>        
		<Language name="ada" ext="ada ads adb" commentLine="--" commentStart="" commentEnd="">
            <Keywords name="instre1">abort abstract accept access aliased all and array at begin body case constant declare delay delta digits do else elsif end entry exception exit for function generic goto if in is limited loop new not null of others out or package pragma private procedure protected raise range record renames requeue return reverse select separate subtype tagged task terminate then type until use when while with</Keywords>
        </Language>
        <Language name="asm" ext="asm" commentLine=";" commentStart="" commentEnd="">
            <Keywords name="instre1">aaa aad aam aas adc add and call cbw clc cld cli cmc cmp cmps cmpsb cmpsw cwd daa das dec div esc hlt idiv imul in inc int into iret ja jae jb jbe jc jcxz je jg jge jl jle jmp jna jnae jnb jnbe jnc jne jng jnge jnl jnle jno jnp jns jnz jo jp jpe jpo js jz lahf lds lea les lods lodsb lodsw loop loope loopew loopne loopnew loopnz loopnzw loopw loopz loopzw mov movs movsb movsw mul neg nop not or out pop popf push pushf rcl rcr ret retf retn rol ror sahf sal sar sbb scas scasb scasw shl shr stc std sti stos stosb stosw sub test wait xchg xlat xlatb xor bound enter ins insb insw leave outs outsb outsw popa pusha pushw arpl lar lsl sgdt sidt sldt smsw str verr verw clts lgdt lidt lldt lmsw ltr bsf bsr bt btc btr bts cdq cmpsd cwde insd iretd iretdf  iretf jecxz lfs lgs lodsd loopd  looped  loopned  loopnzd  loopzd  lss movsd movsx movzx outsd popad popfd pushad pushd  pushfd scasd seta setae setb setbe setc sete setg setge setl setle setna setnae setnb setnbe setnc setne setng setnge setnl setnle setno setnp setns setnz seto setp setpe setpo sets setz shld shrd stosd bswap cmpxchg invd  invlpg  wbinvd  xadd lock rep repe repne repnz repz cflush cpuid emms femms cmovo cmovno cmovb cmovc cmovnae cmovae cmovnb cmovnc cmove cmovz cmovne cmovnz cmovbe cmovna cmova cmovnbe cmovs cmovns cmovp cmovpe cmovnp cmovpo cmovl cmovnge cmovge cmovnl cmovle cmovng cmovg cmovnle cmpxchg486 cmpxchg8b  loadall loadall286 ibts icebp int1 int3 int01 int03 iretw popaw popfw pushaw pushfw rdmsr rdpmc rdshr rdtsc rsdc rsldt rsm rsts salc smi smint smintold svdc svldt svts syscall sysenter sysexit sysret ud0 ud1 ud2 umov xbts wrmsr wrshr</Keywords>
			<Keywords name="instre2">f2xm1 fabs fadd faddp fbld fbstp fchs fclex fcom fcomp fcompp fdecstp fdisi fdiv fdivp fdivr fdivrp feni ffree fiadd ficom ficomp fidiv fidivr fild fimul fincstp finit fist fistp fisub fisubr fld fld1 fldcw fldenv fldenvw fldl2e fldl2t fldlg2 fldln2 fldpi fldz fmul fmulp fnclex fndisi fneni fninit fnop fnsave fnsavew fnstcw fnstenv fnstenvw fnstsw fpatan fprem fptan frndint frstor frstorw fsave fsavew fscale fsqrt fst fstcw fstenv fstenvw fstp fstsw fsub fsubp fsubr fsubrp ftst fwait fxam fxch fxtract fyl2x fyl2xp1 fsetpm fcos fldenvd fnsaved fnstenvd fprem1 frstord fsaved fsin fsincos fstenvd fucom fucomp fucompp fcomi fcomip ffreep fcmovb fcmove fcmovbe fcmovu fcmovnb fcmovne fcmovnbe fcmovnu</Keywords>
            <Keywords name="type1">ah al ax bh bl bp bx ch cl cr0 cr2 cr3 cr4 cs cx dh di dl dr0 dr1 dr2 dr3 dr6 dr7 ds dx eax ebp ebx ecx edi edx es esi esp fs gs si sp ss st tr3 tr4 tr5 tr6 tr7 st0 st1 st2 st3 st4 st5 st6 st7 mm0 mm1 mm2 mm3 mm4 mm5 mm6 mm7 xmm0 xmm1 xmm2 xmm3 xmm4 xmm5 xmm6 xmm7</Keywords>
	        <Keywords name="type2">.186 .286 .286c .286p .287 .386 .386c .386p .387 .486 .486p .8086 .8087 .alpha .break .code .const .continue .cref .data .data?  .dosseg .else .elseif .endif .endw .err .err1 .err2 .errb .errdef .errdif .errdifi .erre .erridn .erridni .errnb .errndef .errnz .exit .fardata .fardata? .if .lall .lfcond .list .listall .listif .listmacro .listmacroall  .model .no87 .nocref .nolist .nolistif .nolistmacro .radix .repeat .sall .seq .sfcond .stack .startup .tfcond .type .until .untilcxz .while .xall .xcref .xlist alias align assume catstr comm comment db dd df dosseg dq dt dup dw echo else elseif elseif1 elseif2 elseifb elseifdef elseifdif elseifdifi elseife elseifidn elseifidni elseifnb elseifndef end endif endm endp ends eq equ even exitm extern externdef extrn for forc ge goto group gt high highword if if1 if2 ifb ifdef ifdif ifdifi ife  ifidn ifidni ifnb ifndef include includelib instr invoke irp irpc label le length lengthof local low lowword lroffset lt macro mask mod .msfloat name ne offset opattr option org %out page popcontext proc proto ptr public purge pushcontext record repeat rept seg segment short size sizeof sizestr struc struct substr subtitle subttl textequ this title type typedef union while width db dw dd dq dt resb resw resd resq rest incbin equ times %define %idefine %xdefine %xidefine %undef %assign %iassign %strlen %substr %macro %imacro %endmacro %rotate .nolist %if %elif %else %endif %ifdef %ifndef %elifdef %elifndef %ifmacro %ifnmacro %elifmacro %elifnmacro %ifctk %ifnctk %elifctk %elifnctk %ifidn %ifnidn %elifidn %elifnidn %ifidni %ifnidni %elifidni %elifnidni %ifid %ifnid %elifid %elifnid %ifstr %ifnstr %elifstr %elifnstr %ifnum %ifnnum %elifnum %elifnnum %error %rep %endrep %exitrep %include %push %pop %repl struct endstruc istruc at iend align alignb %arg %stacksize %local %line bits use16 use32 section absolute extern global common cpu org section group import export</Keywords>
			<Keywords name="type3">$ ? @b @f addr basic byte c carry? dword far far16 fortran fword near near16 overflow? parity? pascal qword  real4  real8 real10 sbyte sdword sign? stdcall sword syscall tbyte vararg word zero? flat near32 far32 abs all assumes at casemap common compact cpu dotname emulator epilogue error export expr16 expr32 farstack flat forceframe huge language large listing ljmp loadds m510 medium memory nearstack nodotname noemulator nokeyword noljmp nom510 none nonunique nooldmacros nooldstructs noreadonly noscoped nosignextend nothing notpublic oldmacros oldstructs os_dos para private prologue radix readonly req scoped setif2 smallstack tiny use16 use32 uses a16 a32 o16 o32 byte word dword nosplit $ $$ seq wrt flat large small .text .data .bss near far %0 %1 %2 %3 %4 %5 %6 %7 %8 %9</Keywords>
			<Keywords name="type4">addpd addps addsd addss andpd andps andnpd andnps cmpeqpd cmpltpd cmplepd cmpunordpd cmpnepd cmpnltpd cmpnlepd cmpordpd cmpeqps cmpltps cmpleps cmpunordps cmpneps cmpnltps cmpnleps cmpordps cmpeqsd cmpltsd cmplesd cmpunordsd cmpnesd cmpnltsd cmpnlesd cmpordsd cmpeqss cmpltss cmpless cmpunordss cmpness cmpnltss cmpnless cmpordss comisd comiss cvtdq2pd cvtdq2ps cvtpd2dq cvtpd2pi cvtpd2ps cvtpi2pd cvtpi2ps cvtps2dq cvtps2pd cvtps2pi cvtss2sd cvtss2si cvtsd2si cvtsd2ss cvtsi2sd cvtsi2ss cvttpd2dq cvttpd2pi cvttps2dq cvttps2pi cvttsd2si cvttss2si divpd divps divsd divss fxrstor fxsave ldmxscr lfence mfence maskmovdqu maskmovdq maxpd maxps paxsd maxss minpd minps minsd minss movapd movaps movdq2q movdqa movdqu movhlps movhpd movhps movd movq movlhps movlpd movlps movmskpd movmskps movntdq movnti movntpd movntps movntq movq2dq movsd movss movupd movups mulpd mulps mulsd mulss orpd orps packssdw packsswb packuswb paddb paddsb paddw paddsw paddd paddsiw paddq paddusb paddusw pand pandn pause paveb pavgb pavgw pavgusb pdistib pextrw pcmpeqb pcmpeqw pcmpeqd pcmpgtb pcmpgtw pcmpgtd pf2id pf2iw pfacc pfadd pfcmpeq pfcmpge pfcmpgt pfmax pfmin pfmul pmachriw pmaddwd pmagw pmaxsw pmaxub pminsw pminub pmovmskb pmulhrwc pmulhriw pmulhrwa pmulhuw pmulhw pmullw pmuludq pmvzb pmvnzb pmvlzb pmvgezb pfnacc pfpnacc por prefetch prefetchw prefetchnta prefetcht0 prefetcht1 prefetcht2 pfrcp pfrcpit1 pfrcpit2 pfrsqit1 pfrsqrt pfsub pfsubr pi2fd pf2iw pinsrw psadbw pshufd pshufhw pshuflw pshufw psllw pslld psllq pslldq psraw psrad psrlw psrld psrlq psrldq psubb psubw psubd psubq psubsb psubsw psubusb psubusw psubsiw pswapd punpckhbw punpckhwd punpckhdq punpckhqdq punpcklbw punpcklwd punpckldq punpcklqdq pxor rcpps rcpss rsqrtps rsqrtss sfence shufpd shufps sqrtpd sqrtps sqrtsd sqrtss stmxcsr subpd subps subsd subss ucomisd ucomiss unpckhpd unpckhps unpcklpd unpcklps xorpd xorps</Keywords>
        </Language>
        <Language name="asp" ext="asp" commentLine="'">
			 <Keywords name="instre1">addhandler addressof andalso alias and ansi as assembly attribute auto begin boolean byref byte byval call case catch cbool cbyte cchar cdate cdec cdbl char cint class clng cobj compare const continue cshort csng cstr ctype currency date decimal declare default delegate dim do double each else elseif end enum erase error event exit explicit false finally for friend function get gettype global gosub goto handles if implement implements imports in inherits integer interface is let lib like load long loop lset me mid mod module mustinherit mustoverride mybase myclass namespace new next not nothing notinheritable notoverridable object on option optional or orelse overloads overridable overrides paramarray preserve private property protected public raiseevent readonly redim rem removehandler rset resume return select set shadows shared short single static step stop string structure sub synclock then throw to true try type typeof unload unicode until variant wend when while with withevents writeonly xor</Keywords>
        </Language>
        <Language name="autoit" ext="au3" commentLine=";" commentStart="#CS" commentEnd="#CE">
            <Keywords name="instre1">and byref case continueloop dim do else elseif endfunc endif endselect exit exitloop for func global if local next not or return select step then to until wend while exit</Keywords>
			<Keywords name="instre2">abs acos adlibdisable adlibenable asc asin atan autoitsetoption autoitwingettitle autoitwinsettitle bitand bitnot bitor bitshift bitxor blockinput break call cdtray chr clipget clipput controlclick controlcommand controldisable controlenable controlfocus controlgetfocus controlgetpos controlgettext controlhide controlmove controlsend controlsettext controlshow cos dec dircopy dircreate dirmove dirremove drivegetdrive drivegetfilesystem drivegetlabel drivegetserial drivegettype drivesetlabel drivespacefree drivespacetotal drivestatus envget envset envupdate eval exp filechangedir fileclose filecopy filecreateshortcut filedelete fileexists filefindfirstfile filefindnextfile filegetattrib filegetlongname filegetshortname filegetsize filegettime filegetversion fileinstall filemove fileopen fileopendialog fileread filereadline filerecycle filerecycleempty filesavedialog fileselectfolder filesetattrib filesettime filewrite filewriteline guicreate guicreateex guidefaultfont guidelete guigetcontrolstate guihide guimsg guiread guirecvmsg guisendmsg guisetcontrol guisetcontroldata guisetcontrolex guisetcontrolfont guisetcontrolnotify guisetcoord guisetcursor guishow guiwaitclose guiwrite hex hotkeyset inidelete iniread iniwrite inputbox int isadmin isarray isdeclared isfloat isint isnumber isstring log memgetstats mod mouseclick mouseclickdrag mousedown mousegetcursor mousegetpos mousemove mouseup mousewheel msgbox number pixelchecksum pixelgetcolor pixelsearch processclose processexists processsetpriority processwait processwaitclose progressoff progresson progressset random regdelete regenumkey regenumval regread regwrite round run runasset runwait send seterror shutdown sin sleep soundplay soundsetwavevolume splashimageon splashoff splashtexton sqrt statusbargettext string stringaddcr stringformat stringinstr stringisalnum stringisalpha stringisascii stringisdigit stringisfloat stringisint stringislower stringisspace stringisupper stringisxdigit stringleft stringlen stringlower stringmid stringreplace stringright stringsplit stringstripcr stringstripws stringtrimleft stringtrimright stringupper tan timerstart timerstop tooltip traytip ubound urldownloadtofile winactivate winactive winclose winexists wingetcaretpos wingetclasslist wingetclientsize wingethandle wingetpos wingetstate wingettext wingettitle winkill winmenuselectitem winminimizeall winminimizeallundo winmove winsetontop winsetstate winsettitle winwait winwaitactive winwaitclose winwaitnotactive</Keywords>
            <Keywords name="type1">@appdatacommondir @appdatadir @autoitversion @commonfilesdir @compiled @computername @comspec @cr @crlf @desktopcommondir @desktopdir @desktopheight @desktopwidth @documentscommondir @error @favoritescommondir @favoritesdir @homedrive @homepath @homeshare @hour @ipaddress1 @ipaddress2 @ipaddress3 @ipaddress4 @lf @logondnsdomain @logondomain @logonserver @mday @min @mon @mydocumentsdir @osbuild @oslang @osservicepack @ostype @osversion @programfilesdir @programscommondir @programsdir @scriptdir @scriptfullpath @scriptname @sec @startmenucommondir @startmenudir @startupcommondir @startupdir @sw_hide @sw_maximize @sw_minimize @sw_restore @sw_show @systemdir @tab @tempdir @userprofiledir @username @wday @windowsdir @workingdir @yday @year</Keywords>
	        <Keywords name="type2">{!} {#} {^} {{} {}} {+} {alt} {altdown} {altup} {appskey} {asc} {backspace} {browser_back} {browser_favorites} {browser_forward} {browser_home} {browser_refresh} {browser_search} {browser_stop} {bs} {capslock} {ctrlbreak} {ctrldown} {ctrlup} {del} {delete} {down} {end} {enter} {esc} {escape} {f1} {f10} {f11} {f12} {f2} {f3} {f4} {f5} {f6} {f7} {f8} {f9} {home} {ins} {insert} {lalt} {launch_app1} {launch_app2} {launch_mail} {launch_media} {lctrl} {left} {lshift} {lwin} {lwindown} {media_next} {media_play_pause} {media_prev} {media_stop} {numlock} {numpad0} {numpad1} {numpad2} {numpad3} {numpad4} {numpad5} {numpad6} {numpad7} {numpad8} {numpad9} {numpadadd} {numpaddiv} {numpaddot} {numpadenter} {numpadmult} {numpadsub} {pause} {pgdn} {pgup} {printscreen} {ralt} {rctrl} {right} {rshift} {rwin} {rwindown} {scrolllock} {shiftdown} {shiftup} {sleep} {space} {tab} {up} {volume_down} {volume_mute} {volume_up}</Keywords>
			<Keywords name="type3">#include #include-once</Keywords>
			<Keywords name="type4">#region #endregion</Keywords>
			<Keywords name="type5"></Keywords>
        </Language>
		<Language name="bash" ext="sh bsh" commentLine="#">
			<Keywords name="instre1">alias ar asa awk banner basename bash bc bdiff break bunzip2 bzip2 cal calendar case cat cc cd chmod cksum clear cmp col comm compress continue cp cpio crypt csplit ctags cut date dc dd declare deroff dev df diff diff3 dircmp dirname do done du echo ed egrep elif else env esac eval ex exec exit expand export expr false fc fgrep fi file find fmt fold for function functions getconf getopt getopts grep gres hash head help history iconv id if in integer jobs join kill local lc let line ln logname look ls m4 mail mailx make man mkdir more mt mv newgrp nl nm nohup ntps od pack paste patch pathchk pax pcat perl pg pr print printf ps pwd read readonly red return rev rm rmdir sed select set sh shift size sleep sort spell split start stop strings strip stty sum suspend sync tail tar tee test then time times touch tr trap true tsort tty type typeset ulimit umask unalias uname uncompress unexpand uniq unpack unset until uudecode uuencode vi vim vpax wait wc whence which while who wpaste wstart xargs zcat</Keywords>
		</Language>
		<Language name="batch" ext="bat cmd nt" commentLine="REM">
            <Keywords name="instre1">rem set if else exist errorlevel for in do break call copy chcp cd chdir choice cls country ctty date del erase dir echo exit goto loadfix loadhigh mkdir md move path pause prompt rename ren rmdir rd shift time type ver verify vol com con lpt nul defined not errorlevel cmdextversion</Keywords>
        </Language>
		<Language name="c"  ext="c" commentLine="//" commentStart="/*" commentEnd="*/">
            <Keywords name="instre1">if else switch case default break goto return for while do continue typedef sizeof NULL</Keywords>
            <Keywords name="type1">void struct union enum char short int long double float signed unsigned const static extern auto register volatile</Keywords>
        </Language>
        <Language name="caml" ext="ml mli sml thy" commentLine="" commentStart="(*" commentEnd="*)">
            <Keywords name="instre1">and as assert asr begin class constraint do done downto else end exception external false for fun function functor if in include inherit initializer land lazy let lor lsl lsr lxor match method mod module mutable new object of open or private rec sig struct then to true try type val virtual when while with</Keywords>
			<Keywords name="instre2">option Some None ignore ref lnot succ pred</Keywords>
			<Keywords name="type1">array bool char float int list string unit</Keywords>
        </Language>
		<Language name="cmake" ext="cmake" commentLine="#">
            <Keywords name="instre1">add_custom_command add_custom_target add_definitions add_dependencies add_executable add_library add_subdirectory add_test aux_source_directory build_command build_name cmake_minimum_required configure_file create_test_sourcelist else elseif enable_language enable_testing endforeach endif endmacro endwhile exec_program execute_process export_library_dependencies file find_file find_library find_package find_path find_program fltk_wrap_ui foreach get_cmake_property get_directory_property get_filename_component get_source_file_property get_target_property get_test_property if include include_directories include_external_msproject include_regular_expression install install_files install_programs install_targets link_directories link_libraries list load_cache load_command macro make_directory mark_as_advanced math message option output_required_files project qt_wrap_cpp qt_wrap_ui remove remove_definitions separate_arguments set set_directory_properties set_source_files_properties set_target_properties set_tests_properties site_name source_group string subdir_depends subdirs target_link_libraries try_compile try_run use_mangled_mesa utility_source variable_requires vtk_make_instantiator vtk_wrap_java vtk_wrap_python vtk_wrap_tcl while write_file</Keywords>
            <Keywords name="type1">ABSOLUTE ABSTRACT ADDITIONAL_MAKE_CLEAN_FILES ALL AND APPEND ARGS ASCII BEFORE CACHE CACHE_VARIABLES CLEAR COMMAND COMMANDS COMMAND_NAME COMMENT COMPARE COMPILE_FLAGS COPYONLY DEFINED DEFINE_SYMBOL DEPENDS DOC EQUAL ESCAPE_QUOTES EXCLUDE EXCLUDE_FROM_ALL EXISTS EXPORT_MACRO EXT EXTRA_INCLUDE FATAL_ERROR FILE FILES FORCE FUNCTION GENERATED GLOB GLOB_RECURSE GREATER GROUP_SIZE HEADER_FILE_ONLY HEADER_LOCATION IMMEDIATE INCLUDES INCLUDE_DIRECTORIES INCLUDE_INTERNALS INCLUDE_REGULAR_EXPRESSION LESS LINK_DIRECTORIES LINK_FLAGS LOCATION MACOSX_BUNDLE MACROS MAIN_DEPENDENCY MAKE_DIRECTORY MATCH MATCHALL MATCHES MODULE NAME NAME_WE NOT NOTEQUAL NO_SYSTEM_PATH OBJECT_DEPENDS OPTIONAL OR OUTPUT OUTPUT_VARIABLE PATH PATHS POST_BUILD POST_INSTALL_SCRIPT PREFIX PREORDER PRE_BUILD PRE_INSTALL_SCRIPT PRE_LINK PROGRAM PROGRAM_ARGS PROPERTIES QUIET RANGE READ REGEX REGULAR_EXPRESSION REPLACE REQUIRED RETURN_VALUE RUNTIME_DIRECTORY SEND_ERROR SHARED SOURCES STATIC STATUS STREQUAL STRGREATER STRLESS SUFFIX TARGET TOLOWER TOUPPER VAR VARIABLES VERSION WIN32 WRAP_EXCLUDE WRITE APPLE MINGW MSYS CYGWIN BORLAND WATCOM MSVC MSVC_IDE MSVC60 MSVC70 MSVC71 MSVC80 CMAKE_COMPILER_2005 OFF ON</Keywords>
            <Keywords name="type2"></Keywords>
        </Language>
        <Language name="cpp" ext="h hpp hxx cpp cxx cc" commentLine="//" commentStart="/*" commentEnd="*/">
            <Keywords name="instre1">if else switch case default break goto return for while do continue typedef sizeof NULL new delete throw try catch namespace operator this const_cast static_cast dynamic_cast reinterpret_cast true false using typeid and and_eq bitand bitor compl not not_eq or or_eq xor xor_eq </Keywords>
            <Keywords name="type1">void struct union enum char short int long double float signed unsigned const static extern auto register volatile bool class private protected public friend inline template virtual asm explicit typename mutable</Keywords>
            <Keywords name="type2">a addindex addtogroup anchor arg attention author b brief bug c class code date def defgroup deprecated dontinclude e em endcode endhtmlonly endif endlatexonly endlink endverbatim enum example exception f$ f[ f] file fn hideinitializer htmlinclude htmlonly if image include ingroup internal invariant interface latexonly li line link mainpage name namespace nosubgrouping note overload p page par param post preref relates remarks return retval sa section see showinitializer since skip skipline struct subsection test throw throws todo typedef union until var verbatim verbinclude version warning weakgroup $ @ \ &amp; &lt; &gt; # { }</Keywords>
        </Language>
        <Language name="cs" ext="cs" commentLine="//" commentStart="/*" commentEnd="*/">
            <Keywords name="instre1">abstract as base break case catch checked continue default delegate do else event explicit extern false finally fixed for foreach goto if implicit in interface internal is lock namespace new null object operator out override params private protected public readonly ref return sealed sizeof stackalloc switch this throw true try typeof unchecked unsafe using virtual while</Keywords>
            <Keywords name="type1">bool byte char class const decimal double enum float int long sbyte short static string struct uint ulong ushort void</Keywords>
        </Language>
		<Language name="css" ext="css" commentStart="/*" commentEnd="*/">
            <Keywords name="instre1">azimuth background background-attachment background-color background-image background-position background-repeat border border-bottom border-bottom-color border-bottom-style border-bottom-width border-collapse border-color border-left border-left-color border-left-style border-left-width border-right border-right-color border-right-style border-right-width border-spacing border-style border-top border-top-color border-top-style border-top-width border-width bottom caption-side clear clip color content counter-increment counter-reset cue cue-after cue-before cursor direction display elevation empty-cells float font font-family font-size font-size-adjust font-stretch font-style font-variant font-weight height left letter-spacing line-height list-style list-style-image list-style-position list-style-type margin margin-bottom margin-left margin-right margin-top marker-offset marks max-height max-width min-height min-width orphans outline outline-color outline-style outline-width overflow padding padding-bottom padding-left padding-right padding-top page page-break-after page-break-before page-break-inside pause pause-after pause-before pitch pitch-range play-during position quotes richness right size speak speak-header speak-numeral speak-ponctuation speech-rate stress table-layout text-align text-decoration text-indent text-shadow text-transform top unicode-bidi vertical-align visibility voice-family volume white-space widows width word-spacing z-index</Keywords>
			<Keywords name="instre2">active after before first first-child first-letter first-line focus hover lang left link right visited</Keywords>
        </Language>
		<Language name="diff" ext="diff patch">
        </Language>
		<Language name="fortran" ext="f for f90 f95 f2k" commentLine="C">
            <Keywords name="instre1">access action advance allocatable allocate apostrophe assign assignment associate asynchronous backspace bind blank blockdata call case character class close common complex contains continue cycle data deallocate decimal delim default dimension direct do dowhile double doubleprecision else elseif elsewhere encoding end endassociate endblockdata enddo endfile endforall endfunction endif endinterface endmodule endprogram endselect endsubroutine endtype endwhere entry eor equivalence err errmsg exist exit external file flush fmt forall form format formatted function go goto id if implicit in include inout integer inquire intent interface intrinsic iomsg iolength iostat kind len logical module name named namelist nextrec nml none nullify number only open opened operator optional out pad parameter pass pause pending pointer pos position precision print private program protected public quote read readwrite real rec recl recursive result return rewind save select selectcase selecttype sequential sign size stat status stop stream subroutine target then to type unformatted unit use value volatile wait where while write</Keywords>
            <Keywords name="instre2">abs achar acos acosd adjustl adjustr aimag aimax0 aimin0 aint ajmax0 ajmin0 akmax0 akmin0 all allocated alog alog10 amax0 amax1 amin0 amin1 amod anint any asin asind associated atan atan2 atan2d atand bitest bitl bitlr bitrl bjtest bit_size bktest break btest cabs ccos cdabs cdcos cdexp cdlog cdsin cdsqrt ceiling cexp char clog cmplx conjg cos cosd cosh count cpu_time cshift csin csqrt dabs dacos dacosd dasin dasind datan datan2 datan2d datand date date_and_time dble dcmplx dconjg dcos dcosd dcosh dcotan ddim dexp dfloat dflotk dfloti dflotj digits dim dimag dint dlog dlog10 dmax1 dmin1 dmod dnint dot_product dprod dreal dsign dsin dsind dsinh dsqrt dtan dtand dtanh eoshift epsilon errsns exp exponent float floati floatj floatk floor fraction free huge iabs iachar iand ibclr ibits ibset ichar idate idim idint idnint ieor ifix iiabs iiand iibclr iibits iibset iidim iidint iidnnt iieor iifix iint iior iiqint iiqnnt iishft iishftc iisign ilen imax0 imax1 imin0 imin1 imod index inint inot int int1 int2 int4 int8 iqint iqnint ior ishft ishftc isign isnan izext jiand jibclr jibits jibset jidim jidint jidnnt jieor jifix jint jior jiqint jiqnnt jishft jishftc jisign jmax0 jmax1 jmin0 jmin1 jmod jnint jnot jzext kiabs kiand kibclr kibits kibset kidim kidint kidnnt kieor kifix kind kint kior kishft kishftc kisign kmax0 kmax1 kmin0 kmin1 kmod knint knot kzext lbound leadz len len_trim lenlge lge lgt lle llt log log10 logical lshift malloc matmul max max0 max1 maxexponent maxloc maxval merge min min0 min1 minexponent minloc minval mod modulo mvbits nearest nint not nworkers number_of_processors pack popcnt poppar precision present product radix random random_number random_seed range real repeat reshape rrspacing rshift scale scan secnds selected_int_kind selected_real_kind set_exponent shape sign sin sind sinh size sizeof sngl snglq spacing spread sqrt sum system_clock tan tand tanh tiny transfer transpose trim ubound unpack verify</Keywords>
            <Keywords name="type1">cdabs cdcos cdexp cdlog cdsin cdsqrt cotan cotand dcmplx dconjg dcotan dcotand decode dimag dll_export dll_import doublecomplex dreal dvchk encode find flen flush getarg getcharqq getcl getdat getenv gettim hfix ibchng identifier imag int1 int2 int4 intc intrup invalop iostat_msg isha ishc ishl jfix lacfar locking locnear map nargs nbreak ndperr ndpexc offset ovefl peekcharqq precfill prompt qabs qacos qacosd qasin qasind qatan qatand qatan2 qcmplx qconjg qcos qcosd qcosh qdim qexp qext qextd qfloat qimag qlog qlog10 qmax1 qmin1 qmod qreal qsign qsin qsind qsinh qsqrt qtan qtand qtanh ran rand randu rewrite segment setdat settim system timer undfl unlock union val virtual volatile zabs zcos zexp zlog zsin zsqrt</Keywords>
        </Language>
		<Language name="haskell" ext="hs lhs as las"  commentLine="--">
			<Keywords name="instre1">as case class data default deriving do else hiding if import in infix infixl infixr instance let module newtype of proc qualified rec then type where _</Keywords>
		</Language>
        <Language name="html" ext="html htm shtml shtm xhtml" commentLine="" commentStart="&lt;!--" commentEnd="--&gt;">
            <Keywords name="instre1">!doctype a abbr accept-charset accept accesskey acronym action address align alink alt applet archive area axis b background base basefont bdo bgcolor big blockquote body border br button caption cellpadding cellspacing center char charoff charset checkbox checked cite class classid clear code codebase codetype col colgroup color cols colspan compact content coords data datafld dataformatas datapagesize datasrc datetime dd declare defer del dfn dir disabled div dl dt em embed enctype event face fieldset file font for form frame frameborder frameset h1 h2 h3 h4 h5 h6 head headers height hidden hr href hreflang hspace html http-equiv i id iframe image img input ins isindex ismap kbd label lang language leftmargin legend li link longdesc map marginwidth marginheight maxlength media menu meta method multiple name noframes nohref noresize noscript noshade nowrap object ol onblur onchange onclick ondblclick onfocus onkeydown onkeypress onkeyup onload onmousedown onmousemove onmouseover onmouseout onmouseup optgroup option onreset onselect onsubmit onunload p param password profile pre prompt public q radio readonly rel reset rev rows rowspan rules s samp scheme scope script scrolling select selected shape size small span src standby start strike strong style sub submit summary sup tabindex table target tbody td text textarea tfoot th thead title topmargin tr tt type u ul usemap valign value valuetype var version vlink vspace width xml xmlns</Keywords>
        </Language>
		<Language name="ini" ext="ini inf reg url" commentLine=";">
        </Language>
        <Language name="inno" ext="iss" commentLine=";" commentStart="" commentEnd="">
            <Keywords name="instre1">code components custommessages dirs files icons ini installdelete langoptions languages messages registry run setup types tasks uninstalldelete uninstallrun _istool</Keywords>
			<Keywords name="instre2">allowcancelduringinstall allownoicons allowrootdirectory allowuncpath alwaysrestart alwaysshowcomponentslist alwaysshowdironreadypage alwaysshowgrouponreadypage alwaysusepersonalgroup appcomments appcontact appcopyright appenddefaultdirname appenddefaultgroupname appid appmodifypath appmutex appname apppublisher apppublisherurl appreadmefile appsupporturl appupdatesurl appvername appversion architecturesallowed architecturesinstallin64bitmode backcolor backcolor2 backcolordirection backsolid changesassociations changesenvironment compression copyrightfontname copyrightfontsize createappdir createuninstallregkey defaultdirname defaultgroupname defaultuserinfoname defaultuserinfoorg defaultuserinfoserial dialogfontname dialogfontsize direxistswarning disabledirpage disablefinishedpage disableprogramgrouppage disablereadymemo disablereadypage disablestartupprompt diskclustersize diskslicesize diskspanning enablesdirdoesntexistwarning encryption extradiskspacerequired flatcomponentslist infoafterfile infobeforefile internalcompresslevel languagedetectionmethod languagecodepage languageid languagename licensefile mergeduplicatefiles minversion onlybelowversion outputbasefilename outputdir outputmanifestfile password privilegesrequired reservebytes restartifneededbyrun setupiconfile showcomponentsizes showlanguagedialog showtaskstreelines slicesperdisk solidcompression sourcedir timestamprounding timestampsinutc titlefontname titlefontsize touchdate touchtime uninstallable uninstalldisplayicon uninstalldisplayname uninstallfilesdir uninstalllogmode uninstallrestartcomputer updateuninstalllogappname usepreviousappdir usepreviousgroup useprevioussetuptype useprevioustasks useprevioususerinfo userinfopage usesetupldr versioninfocompany versioninfocopyright versioninfodescription versioninfotextversion versioninfoversion welcomefontname welcomefontsize windowshowcaption windowstartmaximized windowresizable windowvisible wizardimagebackcolor wizardimagefile wizardimagestretch wizardsmallimagefile</Keywords>
            <Keywords name="type1">afterinstall attribs beforeinstall check comment components copymode description destdir destname excludes extradiskspacerequired filename flags fontinstall groupdescription hotkey infoafterfile infobeforefile iconfilename iconindex key languages licensefile messagesfile minversion name onlybelowversion parameters permissions root runonceid section source statusmsg string subkey tasks type types valuedata valuename valuetype workingdir</Keywords>
	        <Keywords name="type2">append define dim else emit endif endsub error expr file for if ifdef ifexist ifndef ifnexist include insert pragma sub undef</Keywords>
			<Keywords name="type3">begin break case const continue do downto else end except finally for function if of procedure repeat then to try until uses var while with</Keywords>
			<Keywords name="type4"></Keywords>
        </Language>
        <Language name="java" ext="java" commentLine="//" commentStart="/*" commentEnd="*/">
            <Keywords name="instre1">instanceof assert if else switch case default break goto return for while do continue new throw throws try catch finally this super extends implements import true false null</Keywords>
            <Keywords name="type1">package transient strictfp void char short int long double float const static volatile byte boolean class interface native private protected public final abstract synchronized enum</Keywords>
        </Language>
        <Language name="javascript" ext="js" commentLine="//" commentStart="/*" commentEnd="*/">
            <Keywords name="instre1">abstract boolean break byte case catch char class const continue debugger default delete do double else enum export extends final finally float for function goto if implements import in instanceof int interface long native new package private protected public return short static super switch synchronized this throw throws transient try typeof var void volatile while with true false prototype</Keywords>
        </Language>
        <Language name="kix" ext="kix" commentLine=";" commentStart="" commentEnd="">
            <Keywords name="instre1">? and beep big break call cd cls color cookie1 copy debug del dim display do until exit flushkb for each next function endfunction get gets global go gosub goto if else endif md or password play quit rd redim return run select case endselect set setl setm settime shell sleep small use while loop</Keywords>
            <Keywords name="instre2">abs addkey addprinterconnection addprogramgroup addprogramitem asc ascan at backupeventlog box cdbl chr cint cleareventlog close comparefiletimes createobject cstr dectohex delkey delprinterconnection delprogramgroup delprogramitem deltree delvalue dir enumgroup enumipinfo enumkey enumlocalgroup enumvalue execute exist existkey expandenvironmentvars fix formatnumber freefilehandle getdiskspace getfileattr getfilesize getfiletime getfileversion getobject iif ingroup instr instrrev int isdeclared join kbhit keyexist lcase left len loadhive loadkey logevent logoff ltrim memorysize messagebox open readline readprofilestring readtype readvalue redirectoutput right rnd round rtrim savekey sendkeys sendmessage setascii setconsole setdefaultprinter setfileattr setfocus setoption setsystemstate settitle setwallpaper showprogramgroup shutdown sidtoname split srnd substr trim ubound ucase unloadhive val vartype vartypename writeline writeprofilestring writevalue</Keywords>
            <Keywords name="type1">address build color comment cpu crlf csd curdir date day domain dos error fullname homedir homedrive homeshr hostname inwin ipaddress0 ipaddress1 ipaddress2 ipaddress3 kix lanroot ldomain ldrive lm logonmode longhomedir lserver maxpwage mdayno mhz monthno month msecs pid primarygroup priv productsuite producttype pwage ras result rserver scriptdir scriptexe scriptname serror sid site startdir syslang ticks time userid userlang wdayno wksta wuserid ydayno year</Keywords>
        </Language>
		<Language name="lisp" ext="lsp lisp" commentLine=";">
            <Keywords name="instre1">not defun + - * / = &lt; &gt; &lt;= &gt;= princ eval apply funcall quote identity function complement backquote lambda set setq setf defun defmacro gensym make symbol intern symbol name symbol value symbol plist get getf putprop remprop hash make array aref car cdr caar cadr cdar cddr caaar caadr cadar caddr cdaar cdadr cddar cdddr caaaar caaadr caadar caaddr cadaar cadadr caddar cadddr cdaaar cdaadr cdadar cdaddr cddaar cddadr cdddar cddddr cons list append reverse last nth nthcdr member assoc subst sublis nsubst  nsublis remove length list length mapc mapcar mapl maplist mapcan mapcon rplaca rplacd nconc delete atom symbolp numberp boundp null listp consp minusp zerop plusp evenp oddp eq eql equal cond case and or let l if prog prog1 prog2 progn go return do dolist dotimes catch throw error cerror break continue errset baktrace evalhook truncate float rem min max abs sin cos tan expt exp sqrt random logand logior logxor lognot bignums logeqv lognand lognor logorc2 logtest logbitp logcount integer length nil</Keywords>
        </Language>
        <Language name="lua" ext="lua" commentLine="--">
            <Keywords name="instre1">and break do else elseif end false for function if in local nil not or repeat return then true until while</Keywords>
            <Keywords name="instre2">_VERSION assert collectgarbage dofile error gcinfo loadfile loadstring print tonumber tostring type unpack _ALERT _ERRORMESSAGE _INPUT _PROMPT _OUTPUT _STDERR _STDIN _STDOUT call dostring foreach foreachi getn globals newtype rawget rawset require sort tinsert tremove _G getfenv getmetatable ipairs loadlib next pairs pcall rawegal rawget rawset require setfenv setmetatable xpcall string table math coroutine io os debug</Keywords>
            <Keywords name="type1">abs acos asin atan atan2 ceil cos deg exp floor format frexp gsub ldexp log log10 max min mod rad random randomseed sin sqrt strbyte strchar strfind strlen strlower strrep strsub strupper tan string.byte string.char string.dump string.find string.len string.lower string.rep string.sub string.upper string.format string.gfind string.gsub table.concat table.foreach table.foreachi table.getn table.sort table.insert table.remove table.setn math.abs math.acos math.asin math.atan math.atan2 math.ceil math.cos math.deg math.exp math.floor math.frexp math.ldexp math.log math.log10 math.max math.min math.mod math.pi math.rad math.random math.randomseed math.sin math.sqrt math.tan</Keywords>
            <Keywords name="type2">openfile closefile readfrom writeto appendto remove rename flush seek tmpfile tmpname read write clock date difftime execute exit getenv setlocale time coroutine.create coroutine.resume coroutine.status coroutine.wrap coroutine.yield io.close io.flush io.input io.lines io.open io.output io.read io.tmpfile io.type io.write io.stdin io.stdout io.stderr os.clock os.date os.difftime os.execute os.exit os.getenv os.remove os.rename os.setlocale os.time os.tmpname</Keywords>
        </Language>
        <Language name="makefile" ext="mak" commentLine="#">
        </Language>
        <Language name="matlab" ext="m" commentLine="%" commentStart="" commentEnd="">
            <Keywords name="instre1">break case catch continue else elseif end for function global if otherwise persistent return switch try while</Keywords>
        </Language>
        <Language name="nfo" ext="nfo">
        </Language>
		<Language name="nsis" ext="nsi nsh" commentLine=";" commentStart="/*" commentEnd="*/">
            <Keywords name="instre1">Abort AddBrandingImage AddSize AllowRootDirInstall AllowSkipFiles AutoCloseWindow BGFont BGGradient BrandingText BringToFront Call CallInstDLL Caption ChangeUI CheckBitmap ClearErrors CompletedText ComponentText CopyFiles CRCCheck CreateDirectory CreateFont CreateShortCut Delete DeleteINISec DeleteINIStr DeleteRegKey DeleteRegValue DetailPrint DetailsButtonText DirShow DirText DirVar DirVerify DisabledBitmap EnabledBitmap EnableWindow EnumRegKey EnumRegValue Exch Exec ExecShell ExecWait ExpandEnvStrings File FileBufSize FileClose FileErrorText FileOpen FileRead FileReadByte FileSeek FileWrite FileWriteByte FindClose FindFirst FindNext FindWindow FlushINI Function FunctionEnd GetCurInstType GetCurrentAddress GetDlgItem GetDLLVersion GetDLLVersionLocal GetErrorLevel GetFileTime GetFileTimeLocal GetFullPathName GetFunctionAddress GetInstDirError GetLabelAddress GetTempFileName Goto HideWindow Icon IfAbort IfErrors IfFileExists IfRebootFlag IfSilent InitPluginsDir InstallButtonText InstallColors InstallDir InstallDirRegKey InstProgressFlags InstType InstTypeGetText InstTypeSetText IntCmp IntCmpU IntFmt IntOp IsWindow LangString LangStringUP LicenseBkColor LicenseData LicenseForceSelection LicenseLangString LicenseText LoadLanguageFile LockWindow LogSet LogText MessageBox MiscButtonText Name OutFile Page PageEx PageExEnd PluginDir Pop Push Quit ReadEnvStr ReadINIStr ReadRegDWORD ReadRegStr Reboot RegDLL Rename RequestExecutionLevel ReserveFile Return RMDir SearchPath Section SectionDivider SectionEnd SectionGetFlags SectionGetInstTypes SectionGetSize SectionGetText SectionGroup SectionGroupEnd SectionIn SectionSetFlags SectionSetInstTypes SectionSetSize SectionSetText SendMessage SetAutoClose SetBrandingImage SetCompress SetCompressionLevel SetCompressor SetCompressorDictSize SetCtlColors SetCurInstType SetDatablockOptimize SetDateSave SetDetailsPrint SetDetailsView SetErrorLevel SetErrors SetFileAttributes SetFont SetOutPath SetOverwrite SetPluginUnload SetRebootFlag SetShellVarContext SetSilent SetStaticBkColor ShowInstDetails ShowUninstDetails ShowWindow SilentInstall SilentUnInstall Sleep SpaceTexts StrCmp StrCmpS StrCpy StrLen SubSection SubSectionEnd UninstallButtonText UninstallCaption UninstallEXEName UninstallIcon UninstallSubCaption UninstallText UninstPage UnRegDLL Var VIAddVersionKey VIProductVersion WindowIcon WriteINIStr WriteRegBin WriteRegDWORD WriteRegExpandStr WriteRegStr WriteUninstaller XPStyle !AddIncludeDir !AddPluginDir !appendfile !cd !define !delfile !echo !else !endif !error !execute !ifdef !ifmacrodef !ifmacrondef !ifndef !include !insertmacro !macro !macroend !packhdr !system !tempfile !undef !verbose !warning</Keywords>
            <Keywords name="instre2">$0 $1 $2 $3 $4 $5 $6 $7 $8 $9 $R0 $R1 $R2 $R3 $R4 $R5 $R6 $R7 $R8 $R9 $APPDATA $CMDLINE $DESKTOP $EXEDIR $HWNDPARENT $INSTDIR $OUTDIR $PROGRAMFILES ${NSISDIR} $\n $\r $QUICKLAUNCH $SMPROGRAMS $SMSTARTUP $STARTMENU $SYSDIR $TEMP $WINDIR</Keywords>
            <Keywords name="type1">ARCHIVE FILE_ATTRIBUTE_ARCHIVE FILE_ATTRIBUTE_HIDDEN FILE_ATTRIBUTE_NORMAL FILE_ATTRIBUTE_OFFLINE FILE_ATTRIBUTE_READONLY FILE_ATTRIBUTE_SYSTEM FILE_ATTRIBUTE_TEMPORARY HIDDEN HKCC HKCR HKCU HKDD HKEY_CLASSES_ROOT HKEY_CURRENT_CONFIG HKEY_CURRENT_USER HKEY_DYN_DATA HKEY_LOCAL_MACHINE HKEY_PERFORMANCE_DATA HKEY_USERS HKLM HKPD HKU IDABORT IDCANCEL IDIGNORE IDNO IDOK IDRETRY IDYES MB_ABORTRETRYIGNORE MB_DEFBUTTON1 MB_DEFBUTTON2 MB_DEFBUTTON3 MB_DEFBUTTON4 MB_ICONEXCLAMATION MB_ICONINFORMATION MB_ICONQUESTION MB_ICONSTOP MB_OK MB_OKCANCEL MB_RETRYCANCEL MB_RIGHT MB_SETFOREGROUND MB_TOPMOST MB_YESNO MB_YESNOCANCEL NORMAL OFFLINE READONLY SW_SHOWMAXIMIZED SW_SHOWMINIMIZED SW_SHOWNORMAL SYSTEM TEMPORARY auto colored false force hide ifnewer nevershow normal off on show silent silentlog smooth true try</Keywords>
            <Keywords name="type2" />
        </Language>
        <Language name="objc" ext="" commentLine="//" commentStart="/*" commentEnd="*/">
            <Keywords name="instre1">if else switch case default break goto return for while do continue typedef sizeof NULL self super nil NIL</Keywords>
			<Keywords name="instre2">interface implementation protocol end private protected public class selector encode defs</Keywords>
            <Keywords name="type1">void struct union enum char short int long double float signed unsigned const static extern auto register volatile id Class SEL IMP BOOL</Keywords>
	        <Keywords name="type2">oneway in out inout bycopy byref</Keywords>
        </Language>
		<Language name="pascal" ext="pas inc" commentStart="{" commentEnd="}">
            <Keywords name="instre1">and array asm begin case cdecl class const constructor default destructor div do downto else end end. except exit exports external far file finalization finally for function goto if implementation in index inherited initialization inline interface label library message mod near nil not object of on or out overload override packed pascal private procedure program property protected public published raise read record register repeat resourcestring safecall set shl shr stdcall stored string then threadvar to try type unit until uses var virtual while with write xor</Keywords>
        </Language>
        <Language name="perl" ext="pl pm plx" commentLine="#">
            <Keywords name="instre1">NULL __FILE__ __LINE__ __PACKAGE__ __DATA__ __END__ AUTOLOAD BEGIN CORE DESTROY END EQ GE GT INIT LE LT NE CHECK abs accept alarm and atan2 bind binmode bless caller chdir chmod chomp chop chown chr chroot close closedir cmp connect continue cos crypt dbmclose dbmopen defined delete die do dump each else elsif endgrent endhostent endnetent endprotoent endpwent endservent eof eq eval exec exists exit exp fcntl fileno flock for foreach fork format formline ge getc getgrent getgrgid getgrnam gethostbyaddr gethostbyname gethostent getlogin getnetbyaddr getnetbyname getnetent getpeername getpgrp getppid getpriority getprotobyname getprotobynumber getprotoent getpwent getpwnam getpwuid getservbyname getservbyport getservent getsockname getsockopt glob gmtime goto grep gt hex if index int ioctl join keys kill last lc lcfirst le length link listen local localtime lock log lstat lt m map mkdir msgctl msgget msgrcv msgsnd my ne next no not oct open opendir or ord our pack package pipe pop pos print printf prototype push q qq qr quotemeta qu qw qx rand read readdir readline readlink readpipe recv redo ref rename require reset return reverse rewinddir rindex rmdir s scalar seek seekdir select semctl semget semop send setgrent sethostent setnetent setpgrp setpriority setprotoent setpwent setservent setsockopt shift shmctl shmget shmread shmwrite shutdown sin sleep socket socketpair sort splice split sprintf sqrt srand stat study sub substr symlink syscall sysopen sysread sysseek system syswrite tell telldir tie tied time times tr truncate uc ucfirst umask undef unless unlink unpack unshift untie until use utime values vec wait waitpid wantarray warn while write x xor y</Keywords>
        </Language>
        <Language name="php" ext="php php3 phtml" commentLine="//" commentStart="/*" commentEnd="*/">
            <Keywords name="instre1">and or xor __file__ __line__ array as break case cfunction class const continue declare default die do echo else elseif empty enddeclare endfor endforeach endif endswitch endwhile eval exit extends for foreach function global if include include_once isset list new old_function print require require_once return static switch unset use var while __function__ __class__ php_version php_os default_include_path pear_install_dir pear_extension_dir php_extension_dir php_bindir php_libdir php_datadir php_sysconfdir php_localstatedir php_config_file_path php_output_handler_start php_output_handler_cont php_output_handler_end e_error e_warning e_parse e_notice e_core_error e_core_warning e_compile_error e_compile_warning e_user_error e_user_warning e_user_notice e_all true false bool boolean int integer float double real string array object resource null class extends parent stdclass directory __sleep __wakeup interface implements abstract public protected private</Keywords>
        </Language>
		<Language name="postscript" ext="ps" commentLine="%">
            <Keywords name="instre1">$error = == FontDirectory StandardEncoding UserObjects abs add aload anchorsearch and arc arcn arcto array ashow astore atan awidthshow begin bind bitshift bytesavailable cachestatus ceiling charpath clear cleardictstack cleartomark clip clippath closefile closepath concat concatmatrix copy copypage cos count countdictstack countexecstack counttomark currentcmykcolor currentcolorspace currentdash currentdict currentfile currentflat currentfont currentgray currenthsbcolor currentlinecap currentlinejoin currentlinewidth currentmatrix currentmiterlimit currentpagedevice currentpoint currentrgbcolor currentscreen currenttransfer cvi cvlit cvn cvr cvrs cvs cvx def defaultmatrix definefont dict dictstack div dtransform dup echo end eoclip eofill eq erasepage errordict exch exec execstack executeonly executive exit exp false file fill findfont flattenpath floor flush flushfile for forall ge get getinterval grestore grestoreall gsave gt idetmatrix idiv idtransform if ifelse image imagemask index initclip initgraphics initmatrix inustroke invertmatrix itransform known kshow le length lineto ln load log loop lt makefont mark matrix maxlength mod moveto mul ne neg newpath noaccess nor not null nulldevice or pathbbox pathforall pop print prompt pstack put putinterval quit rand rcheck rcurveto read readhexstring readline readonly readstring rectstroke repeat resetfile restore reversepath rlineto rmoveto roll rotate round rrand run save scale scalefont search setblackgeneration setcachedevice setcachelimit setcharwidth setcolorscreen setcolortransfer setdash setflat setfont setgray sethsbcolor setlinecap setlinejoin setlinewidth setmatrix setmiterlimit setpagedevice setrgbcolor setscreen settransfer setvmthreshold show showpage sin sqrt srand stack start status statusdict stop stopped store string stringwidth stroke strokepath sub systemdict token token transform translate true truncate type ueofill undefineresource userdict usertime version vmstatus wcheck where widthshow write writehexstring writestring xcheck xor</Keywords>
            <Keywords name="instre2">GlobalFontDirectory ISOLatin1Encoding SharedFontDirectory UserObject arct colorimage cshow currentblackgeneration currentcacheparams currentcmykcolor currentcolor currentcolorrendering currentcolorscreen currentcolorspace currentcolortransfer currentdevparams currentglobal currentgstate currenthalftone currentobjectformat currentoverprint currentpacking currentpagedevice currentshared currentstrokeadjust currentsystemparams currentundercolorremoval currentuserparams defineresource defineuserobject deletefile execform execuserobject filenameforall fileposition filter findencoding findresource gcheck globaldict glyphshow gstate ineofill infill instroke inueofill inufill inustroke languagelevel makepattern packedarray printobject product realtime rectclip rectfill rectstroke renamefile resourceforall resourcestatus revision rootfont scheck selectfont serialnumber setbbox setblackgeneration setcachedevice2 setcacheparams setcmykcolor setcolor setcolorrendering setcolorscreen setcolorspace setcolortranfer setdevparams setfileposition setglobal setgstate sethalftone setobjectformat setoverprint setpacking setpagedevice setpattern setshared setstrokeadjust setsystemparams setucacheparams setundercolorremoval setuserparams setvmthreshold shareddict startjob uappend ucache ucachestatus ueofill ufill undef undefinefont undefineresource undefineuserobject upath ustroke ustrokepath vmreclaim writeobject xshow xyshow yshow</Keywords>
            <Keywords name="type1">cliprestore clipsave composefont currentsmoothness findcolorrendering setsmoothness shfill</Keywords>
            <Keywords name="type2">.begintransparencygroup .begintransparencymask .bytestring .charboxpath .currentaccuratecurves .currentblendmode .currentcurvejoin .currentdashadapt .currentdotlength .currentfilladjust2 .currentlimitclamp .currentopacityalpha .currentoverprintmode .currentrasterop .currentshapealpha .currentsourcetransparent .currenttextknockout .currenttexturetransparent .dashpath .dicttomark .discardtransparencygroup .discardtransparencymask .endtransparencygroup .endtransparencymask .execn .filename .filename .fileposition .forceput .forceundef .forgetsave .getbitsrect .getdevice .inittransparencymask .knownget .locksafe .makeoperator .namestring .oserrno .oserrorstring .peekstring .rectappend .runandhide .setaccuratecurves .setblendmode .setcurvejoin .setdashadapt .setdebug .setdefaultmatrix .setdotlength .setfilladjust2 .setlimitclamp .setmaxlength .setopacityalpha .setoverprintmode .setrasterop .setsafe .setshapealpha .setsourcetransparent .settextknockout .settexturetransparent .stringbreak .stringmatch .tempfile .type1decrypt .type1encrypt .type1execchar .unread arccos arcsin copydevice copyscanlines currentdevice finddevice findlibfile findprotodevice flushpage getdeviceprops getenv makeimagedevice makewordimagedevice max min putdeviceprops setdevice</Keywords>
        </Language>
        <Language name="props" ext="properties" commentLine=";">
        </Language>
		<Language name="python" ext="py pyw" commentLine="#">
			<Keywords name="instre1">and as assert break class continue def del elif else except exec finally for from global if import in is lambda None not or pass print raise return triple try while with yield</Keywords>
		</Language>
		<Language name="rc" ext="rc" commentLine="//" commentStart="/*" commentEnd="*/">
            <Keywords name="instre1">ACCELERATORS ALT AUTO3STATE AUTOCHECKBOX AUTORADIOBUTTON BEGIN BITMAP BLOCK BUTTON CAPTION CHARACTERISTICS CHECKBOX CLASS COMBOBOX CONTROL CTEXT CURSOR DEFPUSHBUTTON DIALOG DIALOGEX DISCARDABLE EDITTEXT END EXSTYLE FONT GROUPBOX ICON LANGUAGE LISTBOX LTEXT MENU MENUEX MENUITEM MESSAGETABLE POPUP PUSHBUTTON RADIOBUTTON RCDATA RTEXT SCROLLBAR SEPARATOR SHIFT STATE3 STRINGTABLE STYLE TEXTINCLUDE VALUE VERSION VERSIONINFO VIRTKEY</Keywords>
        </Language>
		<Language name="ruby" ext="rb rbw" commentLine="#">
            <Keywords name="instre1">__FILE__ and def end in or self unless __LINE__ begin defined? ensure module redo super until BEGIN break do false next rescue then when END case else for nil retry true while alias class elsif if not return undef yield</Keywords>
        </Language>
		<Language name="scheme" ext="scm smd ss" commentLine=";">
            <Keywords name="instre1">+ - * / = &lt; &gt; &lt;= &gt;= =&gt; abs acos and angle append apply asin assoc assoc assq assv atan begin boolean? caar cadr call-with-current-continuation call/cc call-with-input-file call-with-output-file call-with-values car cdr caar cadr cdar cddr caaar caadr cadar caddr cdaar cdadr cddar cdddr caaaar caaadr caadar caaddr cadaar cadadr caddar cadddr cdaaar cdaadr cdadar cdaddr cddaar cddadr cdddar cddddr case ceiling char-&gt;integer char-alphabetic? char-ci&lt;=? char-ci&lt;? char-ci=? char-ci&gt;=? char-ci&gt;? char-downcase char-lower-case? char-numeric? char-ready? char-upcase char-upper-case? char-whitespace? char&lt;=? char&lt;? char=? char&gt;=? char&gt;? char? close-input-port close-output-port complex? cond cons cos current-input-port current-output-port define define-syntax delay denominator display do dynamic-wind else eof-object? eq? equal? eqv? eval even? exact-&gt;inexact exact? exp expt floor for-each force gcd if imag-part inexact-&gt;exact inexact? input-port? integer-&gt;char integer? interaction-environment lambda lcm length let let* let-syntax letrec letrec-syntax list list-&gt;string list-&gt;vector list-ref list-tail list? load log magnitude make-polar make-rectangular make-string make-vector map max member memq memv min modulo negative? newline not null-environment null? number-&gt;string number? numerator odd? open-input-file open-output-file or output-port? pair? peek-char input-port? output-port? positive? procedure? quasiquote quote quotient rational? rationalize read read-char real-part real? remainder reverse round scheme-report-environment set! set-car! set-cdr! sin sqrt string string-&gt;list string-&gt;number string-&gt;symbol string-append string-ci&lt;=? string-ci&lt;? string-ci=? string-ci&gt;=? string-ci&gt;? string-copy string-fill! string-length string-ref string-set! string&lt;=? string&lt;? string=? string&gt;=? string&gt;? string? substring symbol-&gt;string symbol? syntax-rules transcript-off transcript-on truncate unquote unquote-splicing values vector vector-&gt;list vector-fill! vector-length vector-ref vector-set! vector? with-input-from-file with-output-to-file write write-char zero?</Keywords>
        </Language>
        <Language name="smalltalk" ext="st" commentStart="&quot;" commentEnd="&quot;">
			<Keywords name="instre1">ifTrue: ifFalse: whileTrue: whileFalse: ifNil: ifNotNil: whileTrue whileFalse repeat isNil notNil</Keywords>
		</Language>
        <Language name="sql" ext="sql" commentStart="/*" commentEnd="*/">
            <Keywords name="instre1">abs absolute access acos add add_months adddate admin after aggregate all allocate alter and any app_name are array as asc ascii asin assertion at atan atn2 audit authid authorization autonomous_transaction avg before begin benchmark between bfilename bin binary binary_checksum binary_integer bit bit_count bit_and bit_or blob body boolean both breadth bulk by call cascade cascaded case cast catalog ceil ceiling char char_base character charindex chartorowid check checksum checksum_agg chr class clob close cluster coalesce col_length col_name collate collation collect column comment commit completion compress concat concat_ws connect connection constant constraint constraints constructorcreate contains containsable continue conv convert corr corresponding cos cot count count_big covar_pop covar_samp create cross cube cume_dist current current_date current_path current_role current_time current_timestamp current_user currval cursor cycle data datalength databasepropertyex date date_add date_format date_sub dateadd datediff datename datepart day db_id db_name deallocate dec declare decimal decode default deferrable deferred degrees delete dense_rank depth deref desc describe descriptor destroy destructor deterministic diagnostics dictionary disconnect difference distinct do domain double drop dump dynamic each else elsif empth encode encrypt end end-exec equals escape every except exception exclusive exec execute exists exit exp export_set extends external extract false fetch first first_value file float floor file_id file_name filegroup_id filegroup_name filegroupproperty fileproperty for forall foreign format formatmessage found freetexttable from from_days fulltextcatalog fulltextservice function general get get_lock getdate getansinull getutcdate global go goto grant greatest group grouping having heap hex hextoraw host host_id host_name hour ident_incr ident_seed ident_current identified identity if ifnull ignore immediate in increment index index_col indexproperty indicator initcap initial initialize initially inner inout input insert instr instrb int integer interface intersect interval into is is_member is_srvrolemember is_null is_numeric isdate isnull isolation iterate java join key lag language large last last_day last_value lateral lcase lead leading least left len length lengthb less level like limit limited ln lpad local localtime localtimestamp locator lock log log10 long loop lower ltrim make_ref map match max maxextents mid min minus minute mlslabel mod mode modifies modify module month months_between names national natural naturaln nchar nclob new new_time newid next next_day nextval no noaudit nocompress nocopy none not nowait null nullif number number_base numeric nvl nvl2 object object_id object_name object_property ocirowid oct of off offline old on online only opaque open operator operation option or ord order ordinalityorganization others out outer output package pad parameter parameters partial partition path pctfree percent_rank pi pls_integer positive positiven postfix pow power pragma precision prefix preorder prepare preserve primary prior private privileges procedure public radians raise rand range rank ratio_to_export raw rawtohex read reads real record recursive ref references referencing reftohex relative release release_lock rename repeat replace resource restrict result return returns reverse revoke right rollback rollup round routine row row_number rowid rowidtochar rowlabel rownum rows rowtype rpad rtrim savepoint schema scroll scope search second section seddev_samp select separate sequence session session_user set sets share sign sin sinh size smallint some soundex space specific specifictype sql sqlcode sqlerrm sqlexception sqlstate sqlwarning sqrt start state statement static std stddev stdev_pop strcmp structure subdate substr substrb substring substring_index subtype successful sum synonym sys_context sys_guid sysdate system_user table tan tanh temporary terminate than then time timestamp timezone_abbr timezone_minute timezone_hour timezone_region to to_char to_date to_days to_number to_single_byte trailing transaction translate translation treat trigger trim true trunc truncate type ucase uid under union unique unknown unnest update upper usage use user userenv using validate value values var_pop var_samp varchar varchar2 variable variance varying view vsize when whenever where with without while with work write year zone</Keywords>
        </Language>
		<Language name="tcl" ext="tcl"  commentLine="#">
            <Keywords name="instre1">after append array auto_execok auto_import auto_load auto_load_index auto_qualify beep binary break case catch cd clock close concat continue dde default echo else elseif encoding eof error eval exec exit expr fblocked fconfigure fcopy file fileevent flush for foreach format gets glob global history if incr info interp join lappend lindex linsert list llength load lrange lreplace lsearch lsort namespace open package pid pkg_mkIndex proc puts pwd read regexp regsub rename resource return scan seek set socket source split string subst switch tclLog tclMacPkgSearch tclPkgSetup tclPkgUnknown tell time trace unknown unset update uplevel upvar variable vwait while</Keywords>
			<Keywords name="instre2">bell bind bindtags button canvas checkbutton console destroy entry event focus font frame grab grid image label listbox menu menubutton message pack place radiobutton raise scale scrollbar text tk tkwait toplevel winfo wm</Keywords>
            <Keywords name="type1">@scope body class code common component configbody constructor define destructor hull import inherit itcl itk itk_component itk_initialize itk_interior itk_option iwidgets keep method private protected public</Keywords>
	        <Keywords name="type2">tkButtonDown tkButtonEnter tkButtonInvoke tkButtonLeave tkButtonUp tkCancelRepeat tkCheckRadioInvoke tkDarken tkEntryAutoScan tkEntryBackspace tkEntryButton1 tkEntryClosestGap tkEntryInsert tkEntryKeySelect tkEntryMouseSelect tkEntryNextWord tkEntryPaste tkEntryPreviousWord tkEntrySeeInsert tkEntrySetCursor tkEntryTranspose tkEventMotifBindings tkFDGetFileTypes tkFirstMenu tkFocusGroup_Destroy tkFocusGroup_In tkFocusGroup_Out tkFocusOK tkListboxAutoScan tkListboxBeginExtend tkListboxBeginSelect tkListboxBeginToggle tkListboxCancel tkListboxDataExtend tkListboxExtendUpDown tkListboxMotion tkListboxSelectAll tkListboxUpDown tkMbButtonUp tkMbEnter tkMbLeave tkMbMotion tkMbPost tkMenuButtonDown tkMenuDownArrow tkMenuDup tkMenuEscape tkMenuFind tkMenuFindName tkMenuFirstEntry tkMenuInvoke tkMenuLeave tkMenuLeftArrow tkMenuMotion tkMenuNextEntry tkMenuNextMenu tkMenuRightArrow tkMenuUnpost tkMenuUpArrow tkMessageBox tkPostOverPoint tkRecolorTree tkRestoreOldGrab tkSaveGrabInfo tkScaleActivate tkScaleButton2Down tkScaleButtonDown tkScaleControlPress tkScaleDrag tkScaleEndDrag tkScaleIncrement tkScreenChanged tkScrollButton2Down tkScrollButtonDown tkScrollButtonUp tkScrollByPages tkScrollByUnits tkScrollDrag tkScrollEndDrag tkScrollSelect tkScrollStartDrag tkScrollToPos  tkScrollTopBottom tkTabToWindow tkTearOffMenu tkTextAutoScan tkTextButton1 tkTextClosestGap tkTextInsert tkTextKeyExtend tkTextKeySelect tkTextNextPara tkTextNextPos tkTextNextWord tkTextPaste tkTextPrevPara tkTextPrevPos tkTextResetAnchor tkTextScrollPages tkTextSelectTo tkTextSetCursor tkTextTranspose tkTextUpDownLine tkTraverseToMenu tkTraverseWithinMenu tk_bisque tk_chooseColor tk_dialog tk_focusFollowsMouse tk_focusNext tk_focusPrev tk_getOpenFile tk_getSaveFile tk_messageBox tk_optionMenu tk_popup tk_setPalette tk_textCopy tk_textCut tk_textPaste</Keywords>
        </Language>
		<Language name="tex" ext="tex" commentLine="%">
        </Language>
        <Language name="vb" ext="vb vbs" commentLine="REM" commentStart="" commentEnd="">
            <Keywords name="instre1">addhandler addressof andalso alias and ansi as assembly attribute auto begin boolean byref byte byval call case catch cbool cbyte cchar cdate cdec cdbl char cint class clng cobj compare const continue cshort csng cstr ctype currency date decimal declare default delegate dim do double each else elseif end enum erase error event exit explicit false finally for friend function get gettype global gosub goto handles if implement implements imports in inherits integer interface is let lib like load long loop lset me mid mod module mustinherit mustoverride mybase myclass namespace new next not nothing notinheritable notoverridable object on option optional or orelse overloads overridable overrides paramarray preserve private property protected public raiseevent readonly redim rem removehandler rset resume return select set shadows shared short single static step stop string structure sub synclock then throw to true try type typeof unload unicode until variant wend when while with withevents writeonly xor</Keywords>
        </Language>
        <Language name="verilog" ext="v" commentLine="//" commentStart="/*" commentEnd="*/">
            <Keywords name="instre1">always and assign attribute begin buf bufif0 bufif1 case casex casez cmos deassign default defparam disable edge else end endattribute endcase endfunction endmodule endprimitive endspecify endtable endtask event for force forever fork function highz0 highz1 if ifnone initial inout input integer join medium module large localparam macromodule nand negedge nmos nor not notif0 notif1 or output parameter pmos posedge primitive pull0 pull1 pulldown pullup rcmos real realtime reg release repeat rnmos rpmos rtran rtranif0 rtranif1 scalared signed small specify specparam strength strong0 strong1 supply0 supply1 table task time tran tranif0 tranif1 tri tri0 tri1 triand trior trireg unsigned vectored wait wand weak0 weak1 while wire wor xnor xor</Keywords>
			<Keywords name="instre2">$readmemb $readmemh $sreadmemb $sreadmemh $display $write $strobe $monitor $fdisplay $fwrite $fstrobe $fmonitor $fopen $fclose $time $stime $realtime $scale $printtimescale $timeformat $stop $finish $save $incsave $restart $input $log $nolog $key $nokey $scope $showscopes $showscopes $showvars $showvars $countdrivers $list $monitoron $monitoroff $dumpon $dumpoff $dumpfile $dumplimit $dumpflush $dumpvars $dumpall $reset $reset $reset $reset $reset $random $getpattern $rtoi $itor $realtobits $bitstoreal $setup $hold $setuphold $period $width $skew $recovery</Keywords>

        </Language>
        <Language name="vhdl" ext="vhd vhdl"  commentLine="--">
            <Keywords name="instre1">access after alias all architecture array assert attribute begin block body buffer bus case component configuration constant disconnect downto else elsif end entity exit file for function generate generic group guarded if impure in inertial inout is label library linkage literal loop map new next null of on open others out package port postponed procedure process pure range record register reject report return select severity shared signal subtype then to transport type unaffected units until use variable wait when while with</Keywords>
			<Keywords name="instre2">abs and mod nand nor not or rem rol ror sla sll sra srl xnor xor</Keywords>
            <Keywords name="type1">left right low high ascending image value pos val succ pred leftof rightof base range reverse_range length delayed stable quiet transaction event active last_event last_active last_value driving driving_value simple_name path_name instance_name</Keywords>
	        <Keywords name="type2">now readline read writeline write endfile resolved to_bit to_bitvector to_stdulogic to_stdlogicvector to_stdulogicvector to_x01 to_x01z to_UX01 rising_edge falling_edge is_x shift_left shift_right rotate_left rotate_right resize to_integer to_unsigned to_signed std_match to_01</Keywords>
			<Keywords name="type3">std ieee work standard textio std_logic_1164 std_logic_arith std_logic_misc std_logic_signed std_logic_textio std_logic_unsigned numeric_bit numeric_std math_complex math_real vital_primitives vital_timing</Keywords>
			<Keywords name="type4">boolean bit character severity_level integer real time delay_length natural positive string bit_vector file_open_kind file_open_status line text side width std_ulogic std_ulogic_vector std_logic std_logic_vector X01 X01Z UX01 UX01Z unsigned signed</Keywords>
        </Language>
        <Language name="xml" ext="xml xsml xsl xsd kml wsdl" commentLine="" commentStart="&lt;!--" commentEnd="--&gt;">
        </Language>
		<Language name="yaml" ext="yml" commentLine="#">
        </Language>
		<Language name="searchResult" ext="">
            <Keywords name="instre1"></Keywords>
			<Keywords name="instre2"></Keywords>
            <Keywords name="type1"></Keywords>
        </Language>

	<Language name="Ragnarok" ext="txt" commentLine="//" commentStart="/*" commentEnd="*/">
        	<Keywords name="instre1">activatepset addtimer addtimercount addtoskill adopt agitcheck agitend agitstart announce areaannounce areamonster areawarp atcommand atoi attachnpctimer attachrid autoequip awake axtoi basicskillcheck bonus bonus2 bonus3 bonus4 isequipped break switch script bpet callfunc callshop callsub case cardscnt isequippedcnt changebase while changesex getskilllist delwaitingroom bonusautoscript &#x0D;&#x0A;bonusautoscript2 maprespawnguildid duplicate defpatterndeletepset deactivatepset eaclass activatepset charcommand charisalpha checkcart checkchatting changebaseroclass jobname checkequipedcard checkfalcon checkoption checkoption1 checkoption2 checkriding checkvending checkweight classchange cleararray clearitem clone close close2 cmdothernpc compare copyarray countitem countitem2 cutin cutincard day deactivatepset debugmes defpattern deletearray deletepset deletewaitingroom delitem delitem2 deltimer detachnpctimer detachrid disablearena disablenpc disablewaitingroomevent disable_items disguise dispbottom distance divorce doevent donpcevent eaclass emotion enablearena enablenpc enablewaitingroomevent enable_items end equip failedrefitem failedremovecards flagemblem function getareadropitem getareausers getarg getarraysize getbattleflag getbrokenid getcastledata getcastlename getcharid getchildid getd getelementofarray getequipcardcnt getequipcardid getequipid getequipisenableref getequipisequiped getequipisidentify getequipname getequippercentrefinery getequiprefinerycnt getequipweaponlv getexp getfatherid getgdskilllv getgmlevel getguildmaster getguildmasterid getguildname getinventorylist getitem getitem2 getiteminfo getitemname getitemslots getlook getmapguildusers getmapmobs getmapusers getmapxy getmobdata getmonsterinfo getmotherid getnameditem getpartnerid getpartyleader getpartymember getpartyname getpetinfo getrefine getsavepoint getscrate getskillist getskilllv getstrlen gettime gettimestr gettimetick getusers getusersname getvariableofnpc getwaitingroomstate globalmes else goto groupranditem guardian guardianinfo guildchangegm guildgetexp guildopenstorage guildskill gvgoff gvgon hasitems heal hideoffnpc hideonnpc homunculus_evolution if initnpctimer inittimer input isday isequiped isequipedcnt isloggedin isnight ispartneron itemheal itemskill jobchange jobname jump_zero killmonster killmonsterall logmes makeitem makepet mapannounce maprespawnguild mapwarp marriage menu mes message misceffect mobassist mobattach mobcount mobremove mobspawn monster movenpc next night npcshopadditem npcshopattach npcshopdelitem npcshopitem npcskilleffect npcspeed npcstop npctalk npcwalkto nude openstorage pcblockmove pcfollow pcstopfollow percentheal pet petheal petloot petrecovery petskillattack petskillattack2 petskillbonus petskillsupport petstat playerattached pow produce prompt pvpoff pvpon query_sql rand readparam recovery removemapflag repair requestguildinfo resetlvl resetskill resetstatus return rid2name roclass save savepoint sc_end sc_start sc_start2 sc_start4 select set setarray setbattleflag setcart setcastledata setd setfalcon setiteminfo setitemscript setlook setmapflag setmapflagnosafe setmobdata setnpctimer setoption setriding skill skilleffect skillpointcount sleep sleep2 soundeffect soundeffectall specialeffect specialeffect2 sqrt startnpctimer statusup statusup2 stopnpctimer stoptimer strcharinfo strmobinfo successrefitem successremovecards summon undisguise unequip unitattack unitdeadsit unitemote unitkill unitskilluseid unitskillusepos unitstop unittalk unitwalk unitwarp viewpoint waitingroom waitingroomkickall warp warpchar warpguild warppartner warpparty warpportal warpwaitingpc wedding wedding_effect</Keywords>
		<Keywords name="instre2">wizard_3-1 alb_ship alb2trea alberta alberta_in alde_dun01 alde_dun02 SC_SMA&#x0D;&#x0A;SC_SPEARQUICKEN SC_SPEED SC_SUITON SC_SUMMER SC_TATAMIGAESHI OnPCLoginEvent moscovia itemmall IG_RedBox_2 IG_BleuBox g_room1 OnPCLogoutEvent EQI_ACC_L PCLoginEvent PcBaseLvUpEvent&#x0D;&#x0A;EQI_ACC_R PcJobLvUpEvent bIgnoreDefMob bDamageWhenUnequip&#x0D;&#x0A;EQI_ARMOR bMatk bSpeed bSPSubRace2 OnPCLogoutEvent&#x0D;&#x0A;OnInit&#x0D;&#x0A;OnInterIfInit&#x0D;&#x0A;OnInterIfInitOnce&#x0D;&#x0A;OnAgitStart&#x0D;&#x0A;OnAgitEnd OnTimerQuit&#x0D;&#x0A;OnAgitInit&#x0D;&#x0A;EQI_GARMENT&#x0D;&#x0A;EQI_HAND_L&#x0D;&#x0A;EQI_HAND_R&#x0D;&#x0A;EQI_HEAD_LOW OnPCDieEvent&#x0D;&#x0A;EQI_HEAD_MID OnNPCKillEvent OnPCKillEvent PCLoadMapEvent&#x0D;&#x0A;EQI_HEAD_TOP bSPRegenRate&#x0D;&#x0A;EQI_SHOES cave bSkillHeal&#x0D;&#x0A;mosk_dun01 hunter_2 hunter_1 force_2 force_4&#x0D;&#x0A;mosk_dun02 Job_Novice hunter_3 force_1 force_3 force_5&#x0D;&#x0A;mosk_dun03&#x0D;&#x0A;mosk_fild01 OnPCLoadMapEvent&#x0D;&#x0A;mosk_fild02 PCDieEvent&#x0D;&#x0A;mosk_in moc_fild20&#x0D;&#x0A;moc_fild21 knight_3 knight_2 knight_1&#x0D;&#x0A;moc_fild22&#x0D;&#x0A;mosk_ship Option_Summer SC_DEFENCE SC_MIRACLE SC_NEN SC_MADNESSCANCEL new_ SC_ITEMBOOST priest_ SC_ARMOR SC_CHANGE SC_BLOODLUST SC_AVOID schg_cas01 ordeal_&#x0D;&#x0A;schg_cas02 pvp_y_&#x0D;&#x0A;schg_cas03 que_moc_16&#x0D;&#x0A;que_moon que_ba pvp_n_&#x0D;&#x0A;schg_cas04&#x0D;&#x0A;schg_cas05&#x0D;&#x0A;sch_gld que_temsky que_san04&#x0D;&#x0A;SC_ADJUSTMENT&#x0D;&#x0A;SC_BOSSMAPINFO SC_BUNSINJYUTSU&#x0D;&#x0A;SC_CHANGEUNDEADSC_INCREASING SC_INCBASEATK&#x0D;&#x0A;SC_INCCRI&#x0D;&#x0A;SC_INCDEF SC_FLEET SC_FASTCAST&#x0D;&#x0A;SC_FLING SC_EXPBOOST SC_ELEMENTALCHANGE&#x0D;&#x0A;SC_ENCHANTARMS&#x0D;&#x0A;SC_JAILED SC_INCASPDRATE SC_GATLINGFEVER&#x0D;&#x0A;SC_MAGICALATTACK SC_LIFEINSURANCE SC_KNOWLEDGE SC_KAENSIN&#x0D;&#x0A;SC_MODECHANGE SC_TKREST sword_1 sword_2 sword_3 test wizard_3 wizard_2 wizard_1 alde_dun03 SC_UTSUSEMI alde_dun04 aldeba_in aldebaran anthell01 anthell02 arena_room c_tower1 c_tower2 c_tower3 c_tower4 force_1-1 force_1-2 force_1-3 force_2-1 force_2-2 force_2-3 force_3-1 force_3-2 force_3-3 gef_dun00 gef_dun01 gef_dun02 gef_dun03 gef_fild00 gef_fild01 gef_fild02 gef_fild03 gef_fild04 gef_fild05 gef_fild06 gef_fild07 gef_fild08 gef_fild09 gef_fild10 gef_fild11 gef_fild12 gef_fild13 gef_fild14 gef_tower geffen geffen_in gl_cas01 gl_cas02 gl_church gl_chyard gl_dun01 gl_dun02 gl_in01 gl_knt01 gl_knt02 gl_prison gl_prison1 gl_sew01 gl_sew02 gl_sew03 gl_sew04 gl_step glast_01 hunter_1-1 hunter_2-1 hunter_3-1 in_hunter in_moc_16 in_orcs01 in_sphinx1 in_sphinx2 in_sphinx3 in_sphinx4 in_sphinx5 iz_dun00 iz_dun01 iz_dun02 iz_dun03 iz_dun04 job_sword1 izlu2dun izlude izlude_in job_thief1 knight_1-1 knight_2-1 knight_3-1 mjo_dun01 mjo_dun02 mjo_dun03 mjolnir_01 mjolnir_02 mjolnir_03 mjolnir_04 mjolnir_05 mjolnir_06 mjolnir_07 mjolnir_08 mjolnir_09 mjolnir_10 mjolnir_11 mjolnir_12 moc_castle moc_fild01 moc_fild02 moc_fild03 moc_fild04 moc_fild05 moc_fild06 moc_fild07 moc_fild08 moc_fild09 moc_fild10 moc_fild11 moc_fild12 moc_fild13 moc_fild14 moc_fild15 moc_fild16 moc_fild17 moc_fild18 moc_fild19 moc_pryd01 moc_pryd02 moc_pryd03 moc_pryd04 moc_pryd05 moc_pryd06 moc_prydb1 moc_ruins monk_in morocc morocc_in new_1-1 new_1-2 new_1-3 new_1-4 new_2-1 new_2-2 new_2-3 new_2-4 new_3-1 new_3-2 new_3-3 new_3-4 new_4-1 new_4-2 new_4-3 new_4-4 new_5-1 new_5-2 new_5-3 new_5-4 orcsdun01 orcsdun02 ordeal_1-1 ordeal_1-2 ordeal_1-3 ordeal_1-4 ordeal_2-1 ordeal_2-2 ordeal_2-3 ordeal_2-4 ordeal_3-1 ordeal_3-2 ordeal_3-3 ordeal_3-4 pay_arche pay_dun00 pay_dun01 pay_dun02 pay_dun03 pay_dun04 pay_fild01 pay_fild02 pay_fild03 pay_fild04 pay_fild05 pay_fild06 pay_fild07 pay_fild08 pay_fild09 pay_fild10 pay_fild11 payon payon_in01 payon_in02 priest_1-1 priest_2-1 priest_3-1 prontera prt_are_in prt_are01 pvp_room prt_castle prt_church prt_fild00 prt_fild01 prt_fild02 prt_fild03 prt_fild04 prt_fild05 prt_fild06 prt_fild07 prt_fild08 prt_fild09 prt_fild10 prt_fild11 prt_in prt_maze01 prt_maze02 prt_maze03 prt_monk prt_sewb1 prt_sewb2 prt_sewb3 prt_sewb4 pvp_2vs2 pvp_c_room pvp_n_1-1 pvp_n_1-2 pvp_n_1-3 pvp_n_1-4 pvp_n_1-5 pvp_n_2-1 pvp_n_2-2 pvp_n_2-3 pvp_n_2-4 pvp_n_2-5 pvp_n_3-1 pvp_n_3-2 pvp_n_3-3 pvp_n_3-4 pvp_n_3-5 pvp_n_4-1 pvp_n_4-2 pvp_n_4-3 pvp_n_4-4 pvp_n_4-5 pvp_n_5-1 pvp_n_5-2 pvp_n_5-3 pvp_n_5-4 pvp_n_5-5 pvp_n_6-1 pvp_n_6-2 pvp_n_6-3 pvp_n_6-4 pvp_n_6-5 pvp_n_7-1 pvp_n_7-2 pvp_n_7-3 pvp_n_7-4 pvp_n_7-5 pvp_n_8-1 pvp_n_8-2 pvp_n_8-3 pvp_n_8-4 pvp_n_8-5 pvp_n_room pvp_y_1-1 pvp_y_1-2 pvp_y_1-3 pvp_y_1-4 pvp_y_1-5 pvp_y_2-1 pvp_y_2-2 pvp_y_2-3 pvp_y_2-4 pvp_y_2-5 pvp_y_3-1 pvp_y_3-2 pvp_y_3-3 pvp_y_3-4 pvp_y_3-5 pvp_y_4-1 pvp_y_4-2 pvp_y_4-3 pvp_y_4-4 pvp_y_4-5 pvp_y_5-1 pvp_y_5-2 pvp_y_5-3 pvp_y_5-4 pvp_y_5-5 pvp_y_6-1 pvp_y_6-2 pvp_y_6-3 pvp_y_6-4 pvp_y_6-5 pvp_y_7-1 pvp_y_7-2 pvp_y_7-3 pvp_y_7-4 pvp_y_7-5 pvp_y_8-1 pvp_y_8-2 pvp_y_8-3 pvp_y_8-4 pvp_y_8-5 pvp_y_room sword_1-1 sword_2-1 sword_3-1 treasure01 treasure02 wizard_1-1 wizard_2-1 wizard_3-1 xmas xmas_dun01 xmas_dun02 xmas_fild01 xmas_in beach_dun beach_dun2 beach_dun3 cmd_fild01 cmd_fild02 cmd_fild03 cmd_fild04 cmd_fild05 cmd_fild06 cmd_fild07 cmd_fild08 cmd_fild09 cmd_in01 cmd_in02 comodo quiz_00 quiz_01 g_room1-1 g_room1-2 g_room1-3 g_room2 tur_dun01 tur_dun02 tur_dun03 tur_dun04 tur_dun05 tur_dun06 alde_gld aldeg_cas01 aldeg_cas02 aldeg_cas03 aldeg_cas04 aldeg_cas05 gefg_cas01 gefg_cas02 gefg_cas03 gefg_cas04 gefg_cas05 gld_dun01 gld_dun02 gld_dun03 gld_dun04 guild_room guild_vs1 guild_vs2 guild_vs3 guild_vs4 guild_vs5 guild_vs1-1 guild_vs1-2 guild_vs1-3 guild_vs1-4 guild_vs2-1 guild_vs2-2 job_hunte job_knt job_prist job_wiz pay_gld payg_cas01 payg_cas02 payg_cas03 payg_cas04 payg_cas05 prt_gld prtg_cas01 prtg_cas02 prtg_cas03 prtg_cas04 prtg_cas05 alde_alche in_rogue job_cru job_duncer job_monk job_sage mag_dun01 mag_dun02 monk_test quiz_test yuno yuno_fild01 yuno_fild02 yuno_fild03 yuno_fild04 yuno_in01 yuno_in02 yuno_in03 yuno_in04 yuno_in05 ama_dun01 ama_dun02 ama_dun03 ama_fild01 ama_in01 ama_in02 ama_test amatsu gon_dun01 gon_dun02 gon_dun03 gon_fild01 gon_in gon_test gonryun sec_in01 sec_in02 sec_pri umbala um_dun01 um_dun02 um_fild01 um_fild02 um_fild03 um_fild04 um_in niflheim nif_fild01 nif_fild02 nif_in yggdrasil01 valkyrie himinn lou_in01 lou_in02 lou_dun03 lou_dun02 lou_dun01 lou_fild01 louyang siege_test n_castle nguild_gef nguild_prt nguild_pay nguild_alde jawaii jawaii_in gefenia01 gefenia02 gefenia03 gefenia04 new_zone01 new_zone02 new_zone03 new_zone04 payon_in03 ayothaya ayo_in01 ayo_in02 ayo_fild01 ayo_fild02 ayo_dun01 ayo_dun02 que_god01 que_god02 yuno_fild05 yuno_fild07 yuno_fild08 yuno_fild09 yuno_fild11 yuno_fild12 alde_tt02 turbo_n_1 turbo_n_4 turbo_n_8 turbo_n_16 turbo_e_4 turbo_e_8 turbo_e_16 turbo_room airplane airport einbech einbroch ein_dun01 ein_dun02 ein_fild06 ein_fild07 ein_fild08 ein_fild09 ein_fild10 ein_in01 que_sign01 que_sign02 ein_fild03 ein_fild04 lhz_fild02 lhz_fild03 yuno_pre lhz_fild01 lighthalzen lhz_in01 lhz_in02 lhz_in03 lhz_que01 lhz_dun01 lhz_dun02 lhz_dun03 lhz_cube juperos_01 juperos_02 jupe_area1 jupe_area2 jupe_core jupe_ele jupe_ele_r jupe_gate y_airport lhz_airport airplane_01 jupe_cave quiz_02 hu_fild07 hu_fild05 hu_fild04 hu_fild01 yuno_fild06 job_soul job_star que_job01 que_job02 que_job03 abyss_01 abyss_02 abyss_03 thana_step thana_boss tha_scene01 tha_t01 tha_t02 tha_t03 tha_t04 tha_t07 tha_t05 tha_t06 tha_t08 tha_t09 tha_t10 tha_t11 tha_t12 auction_01 auction_02 hugel hu_in01 que_bingo que_hugel p_track01 p_track02 odin_tem01 odin_tem02 odin_tem03 hu_fild02 hu_fild03 hu_fild06 ein_fild01 ein_fild02 ein_fild05 yuno_fild10 kh_kiehl02 kh_kiehl01 kh_dun02 kh_dun01 kh_mansion kh_rossi kh_school kh_vila force_map1 force_map2 force_map3 job_hunter job_knight job_priest job_wizard ve_in02 rachel ra_in01 ra_fild01 ra_fild02 ra_fild03 ra_fild04 ra_fild05 ra_fild06 ra_fild07 ra_fild08 ra_fild09 ra_fild10 ra_fild11 ra_fild12 ra_fild13 ra_san01 ra_san02 ra_san03 ra_san04 ra_san05 ra_temin ra_temple ra_temsky que_rachel ice_dun01 ice_dun02 ice_dun03 ice_dun04 que_thor thor_camp thor_v01 thor_v02 thor_v03 veins ve_in ve_fild01 ve_fild02 ve_fild03 ve_fild04 ve_fild05 ve_fild06 ve_fild07 poring_c01 poring_c02 que_ng nameless_i nameless_n nameless_in abbey01 abbey02 abbey03 poring_w01 poring_w02 rwc01 rwc02 rwc03 prontera_x alberta_x aldebaran_x geffen_x izlude_x prt_church_x prontera_s pay_arche_s xmas_old ordeal_a00 ordeal_a02 fay_vilg00 fay_vilg01 gef_vilg00 gef_vilg01 moc_dugn01 moc_dugn02 moc_fild01 moc_fild02 moc_fild03 moc_fild04 moc_intr00 moc_intr01 moc_intr02 moc_intr04 moc_vilg00 moc_vilg01 moc_vilg02 probemap probemap02 prt_cstl01 prt_dugn00 prt_dugn01 prt_fild00 prt_fild01 prt_fild03 prt_fild04 prt_fild05 prt_intr01 prt_intr01_a prt_intr02 prt_vilg00 prt_vilg01 prt_vilg02 tank_test tank_test2 testJob_Novice Job_Swordman Job_Mage Job_Archer Job_Acolyte Job_Merchant Job_Thief Job_Knight Job_Priest Job_Wizard Job_Blacksmith Job_Hunter Job_Assassin Job_Knight2 Job_Crusader Job_Monk Job_Sage Job_Rogue Job_Alchem Job_Bard Job_Dancer Job_Crusader2 Job_Wedding Job_SuperNovice Job_Gunslinger Job_Ninja Job_Xmas Job_Novice_High Job_Swordman_High Job_Mage_High Job_Archer_High Job_Acolyte_High Job_Merchant_High Job_Thief_High Job_Lord_Knight Job_High_Priest Job_High_Wizard Job_Whitesmith Job_Sniper Job_Assassin_Cross Job_Lord_Knight2 Job_Paladin Job_Champion Job_Professor Job_Stalker Job_Creator Job_Clown Job_Gypsy Job_Paladin2 Job_Baby Job_Baby_Swordman Job_Baby_Mage Job_Baby_Archer Job_Baby_Acolyte Job_Baby_Merchant Job_Baby_Thief Job_Baby_Knight Job_Baby_Priest Job_Baby_Wizard Job_Baby_Blacksmith Job_Baby_Hunter Job_Baby_Assassin Job_Baby_Knight2 Job_Baby_Crusader Job_Baby_Monk Job_Baby_Sage Job_Baby_Rogue Job_Baby_Alchem Job_Baby_Bard Job_Baby_Dancer Job_Baby_Crusader2 Job_Super_Baby Job_Taekwon Job_Star_Gladiator Job_Star_Gladiator2 Job_Soul_Linker EAJL_2_1 EAJL_2_2 EAJL_2 EAJL_UPPER EAJL_BABY EAJ_UPPERMASK EAJ_BASEMASK EAJ_NOVICE EAJ_SWORDMAN EAJ_MAGE EAJ_ARCHER EAJ_ACOLYTE EAJ_MERCHANT EAJ_THIEF EAJ_TAEKWON EAJ_GUNSLINGER EAJ_NINJA EAJ_SUPER_NOVICE EAJ_KNIGHT EAJ_WIZARD EAJ_HUNTER EAJ_PRIEST EAJ_BLACKSMITH EAJ_ASSASSIN EAJ_STAR_GLADIATOR EAJ_CRUSADER EAJ_SAGE EAJ_BARDDANCER EAJ_MONK EAJ_ALCHEMIST EAJ_ROGUE EAJ_SOUL_LINKER EAJ_NOVICE_HIGH EAJ_SWORDMAN_HIGH EAJ_MAGE_HIGH EAJ_ARCHER_HIGH EAJ_ACOLYTE_HIGH EAJ_MERCHANT_HIGH EAJ_THIEF_HIGH EAJ_LORD_KNIGHT EAJ_HIGH_WIZARD EAJ_SNIPER EAJ_HIGH_PRIEST EAJ_WHITESMITH EAJ_ASSASSIN_CROSS EAJ_PALADIN EAJ_PROFESSOR EAJ_CLOWNGYPSY EAJ_CHAMPION EAJ_CREATOR EAJ_STALKER EAJ_BABY EAJ_BABY_SWORDMAN EAJ_BABY_MAGE EAJ_BABY_ARCHER EAJ_BABY_ACOLYTE EAJ_BABY_MERCHANT EAJ_BABY_THIEF EAJ_BABY_TAEKWON EAJ_SUPER_BABY EAJ_BABY_KNIGHT EAJ_BABY_WIZARD EAJ_BABY_HUNTER EAJ_BABY_PRIEST EAJ_BABY_BLACKSMITH EAJ_BABY_ASSASSIN EAJ_BABY_STAR_GLADIATOR EAJ_BABY_CRUSADER EAJ_BABY_SAGE EAJ_BABY_BARDDANCER EAJ_BABY_MONK EAJ_BABY_ALCHEMIST EAJ_BABY_ROGUE EAJ_BABY_SOUL_LINKER Option_Wedding Option_Xmas bc_all bc_map bc_area bc_self bc_pc bc_npc bc_yellow bc_blue mf_nomemo mf_noteleport mf_nosave mf_nobranch mf_nopenalty mf_nozenypenalty mf_pvp mf_pvp_noparty mf_pvp_noguild mf_gvg mf_gvg_noparty mf_notrade mf_noskill mf_nowarp mf_partylock mf_noicewall mf_snow mf_fog mf_sakura mf_leaves mf_rain mf_indoors mf_nogo mf_clouds mf_clouds2 mf_fireworks mf_gvg_castle mf_gvg_dungeon mf_nightenabled mf_nobaseexp mf_nojobexp mf_nomobloot mf_nomvploot mf_noreturn mf_nowarpto mf_nonightmaredrop mf_restricted mf_nocommand mf_nodrop mf_jexp mf_bexp mf_novending mf_loadevent mf_nochat mf_noexppenalty mf_guildlock cell_wall cell_water cell_ground cell_regen cell_basilica cell_npc StatusPoint BaseLevel SkillPoint Class Upper Zeny Sex Weight MaxWeight JobLevel BaseExp JobExp Karma Manner NextBaseExp NextJobExp Hp MaxHp Sp MaxSp BaseJob BaseClass bMaxHP bMaxSP bStr bAgi bVit bInt bDex bLuk bAtk bAtk2 bDef bDef2 bMdef bMdef2 bHit bFlee bFlee2 bCritical bAspd bFame bUnbreakable bAtkRange bAtkEle bDefEle bCastrate bMaxHPrate bMaxSPrate bUseSPrate bAddEle bAddRace bAddSize bSubEle bSubRace bAddEff bResEff bBaseAtk bAspdRate bHPrecovRate bSPrecovRate bSpeedRate bCriticalDef bNearAtkDef bLongAtkDef bDoubleRate bDoubleAddRate bMatkRate bIgnoreDefEle bIgnoreDefRace bAtkRate bSpeedAddRate bMagicAtkDef bMiscAtkDef bIgnoreMdefEle bIgnoreMdefRace bMagicAddEle bMagicAddRace bMagicAddSize bPerfectHitRate bPerfectHitAddRate bCriticalRate bGetZenyNum bAddGetZenyNum bAddDamageClass bAddMagicDamageClass bAddDefClass bAddMdefClass bAddMonsterDropItem bDefRatioAtkEle bDefRatioAtkRace bAddSpeed bHitRate bFleeRate bFlee2Rate bDefRate bDef2Rate bMdefRate bMdef2Rate bSplashRange bSplashAddRange bAutoSpell bHPDrainRate bSPDrainRate bShortWeaponDamageReturn bLongWeaponDamageReturn bWeaponComaEle bWeaponComaRace bAddEff2 bBreakWeaponRate bBreakArmorRate bAddStealRate bMagicDamageReturn bRandomAttackIncrease bAllStats bAgiVit bAgiDexStr bPerfectHide bNoKnockback bClassChange bHPDrainValue bSPDrainValue bWeaponAtk bWeaponAtkRate bDelayrate bHPDrainRateRace bSPDrainRateRace bRestartFullRecover bNoCastCancel bNoSizeFix bNoMagicDamage bNoWeaponDamage bNoGemStone bNoCastCancel2 bHPRegenRate bNoMiscDamage bUnbreakableWeapon bUnbreakableArmor bIgnoreMdefRate bUnbreakableHelm bUnbreakableShield bLongAtkRate bCritAtkRate bCriticalAddRace bNoRegen bAddEffWhenHit bAutoSpellWhenHit bSkillAtk bUnstripable bAddDamageByClass bSPGainValue bHPLossRate bAddRace2 bHPGainValue bSubSize bHPDrainValueRace bAddItemHealRate bSPDrainValueRace bExpAddRace bSPGainRace bSubRace2 bAddEffWhenHitShort bUnstripableWeapon bUnstripableArmor bUnstripableHelm bUnstripableShield bIntravision bAddMonsterDropItemGroup bSPLossRate bAddSkillBlow bSPVanishRate Eff_Stone Eff_Freeze Eff_Stan Eff_Stun Eff_Sleep Eff_Poison Eff_Curse Eff_Silence Eff_Confusion Eff_Blind Eff_Bleeding Eff_DPoison Ele_Neutral Ele_Water Ele_Earth Ele_Fire Ele_Wind Ele_Poison Ele_Holy Ele_Dark Ele_Ghost Ele_Undead RC_Formless RC_Undead RC_Brute RC_Plant RC_Insect RC_Fish RC_Demon RC_DemiHuman RC_Angel RC_Dragon RC_Boss RC_NonBoss BF_WEAPON BF_MAGIC BF_MISC BF_SHORT BF_LONG IG_BlueBox IG_VioletBox IG_CardAlbum IG_GiftBox IG_ScrollBox IG_FingingOre IG_CookieBag IG_FirstAid IG_Herb IG_Fruit IG_Meat IG_Candy IG_Juice IG_Fish IG_Box IG_Gemstone IG_Resist IG_Ore IG_Food IG_Recovery IG_Mineral IG_Taming IG_Scroll IG_Quiver IG_Mask IG_Accesory IG_Jewel IG_GiftBox_1 IG_GiftBox_2 IG_GiftBox_3 IG_GiftBox_4 IG_EggBoy IG_EggGirl IG_GiftBoxChina IG_LottoBox IG_FoodBag IG_Potion SC_ALL SC_STONE SC_FREEZE SC_STAN SC_STUN SC_SLEEP SC_POISON SC_CURSE SC_SILENCE SC_CONFUSION SC_BLIND SC_BLEEDING SC_DPOISON SC_PROVOKE SC_ENDURE SC_TWOHANDQUICKEN SC_CONCENTRATE SC_HIDING SC_CLOAKING SC_ENCPOISON SC_POISONREACT SC_QUAGMIRE SC_ANGELUS SC_BLESSING SC_SIGNUMCRUCIS SC_INCREASEAGI SC_DECREASEAGI SC_SLOWPOISON SC_IMPOSITIO SC_SUFFRAGIUM SC_ASPERSIO SC_BENEDICTIO SC_KYRIE SC_MAGNIFICAT SC_GLORIA SC_AETERNA SC_ADRENALINE SC_WEAPONPERFECTION SC_OVERTHRUST SC_MAXIMIZEPOWER SC_TRICKDEAD SC_LOUD SC_ENERGYCOAT SC_BROKENARMOR SC_BROKENWEAPON SC_HALLUCINATION SC_WEIGHT50 SC_WEIGHT90 SC_ASPDPOTION0 SC_ASPDPOTION1 SC_ASPDPOTION2 SC_ASPDPOTION3 SC_SPEEDUP0 SC_SPEEDUP1 SC_ATKPOTION SC_MATKPOTION SC_WEDDING SC_SLOWDOWN SC_ANKLE SC_KEEPING SC_BARRIER SC_STRIPWEAPON SC_STRIPSHIELD SC_STRIPARMOR SC_STRIPHELM SC_CP_WEAPON SC_CP_SHIELD SC_CP_ARMOR SC_CP_HELM SC_AUTOGUARD SC_REFLECTSHIELD SC_SPLASHER SC_PROVIDENCE SC_DEFENDER SC_MAGICROD SC_SPELLBREAKER SC_AUTOSPELL SC_SIGHTTRASHER SC_AUTOBERSERK SC_SPEARSQUICKEN SC_AUTOCOUNTER SC_SIGHT SC_SAFETYWALL SC_RUWACH SC_EXTREMITYFIST SC_EXPLOSIONSPIRITS SC_COMBO SC_BLADESTOP_WAIT SC_BLADESTOP SC_FIREWEAPON SC_WATERWEAPON SC_WINDWEAPON SC_EARTHWEAPON SC_VOLCANO SC_DELUGE SC_VIOLENTGALE SC_WATK_ELEMENT SC_LANDPROTECTOR SC_ARMOR_ELEMENT SC_NOCHAT SC_BABY SC_AURABLADE SC_PARRYING SC_CONCENTRATION SC_TENSIONRELAX SC_BERSERK SC_FURY SC_GOSPEL SC_ASSUMPTIO SC_BASILICA SC_GUILDAURA SC_MAGICPOWER SC_EDP SC_TRUESIGHT SC_WINDWALK SC_MELTDOWN SC_CARTBOOST SC_CHASEWALK SC_REJECTSWORD SC_MARIONETTE SC_MARIONETTE2 SC_MOONLIT SC_JOINTBEAT SC_MINDBREAKER SC_MEMORIZE SC_FOGWALL SC_SPIDERWEB SC_DEVOTION SC_SACRIFICE SC_STEELBODY SC_ORCISH SC_READYSTORM SC_READYDOWN SC_READYTURN SC_READYCOUNTER SC_DODGE SC_RUN SC_SHADOWWEAPON SC_ADRENALINE2 SC_GHOSTWEAPON SC_KAIZEL SC_KAAHI SC_KAUPE SC_ONEHAND SC_PRESERVE SC_BATTLEORDERS SC_REGENERATION SC_DOUBLECAST SC_GRAVITATION SC_MAXOVERTHRUST SC_LONGING SC_HERMODE SC_SHRINK SC_SIGHTBLASTER SC_WINKCHARM SC_CLOSECONFINE SC_CLOSECONFINE2 SC_DANCING SC_LULLABY SC_RICHMANKIM SC_ETERNALCHAOS SC_DRUMBATTLE SC_NIBELUNGEN SC_ROKISWEIL SC_INTOABYSS SC_SIEGFRIED SC_WHISTLE SC_ASSNCROS SC_POEMBRAGI SC_APPLEIDUN SC_UGLYDANCE SC_HUMMING SC_DONTFORGETME SC_FORTUNE SC_SERVICE4U SC_STOP SC_SPURT SC_SPIRIT SC_COMA SC_INTRAVISION SC_INCALLSTATUS SC_INCSTR SC_INCAGI SC_INCVIT SC_INCINT SC_INCDEX SC_INCLUK SC_INCHIT SC_INCHITRATE SC_INCFLEE SC_INCFLEERATE SC_INCMHPRATE SC_INCMSPRATE SC_INCATKRATE SC_INCMATKRATE SC_INCDEFRATE SC_STRFOOD SC_AGIFOOD SC_VITFOOD SC_INTFOOD SC_DEXFOOD SC_LUKFOOD SC_HITFOOD SC_FLEEFOOD SC_BATKFOOD SC_WATKFOOD SC_MATKFOOD SC_SCRESIST SC_XMAS SC_WARM SC_SUN_COMFORT SC_MOON_COMFORT SC_STAR_COMFORT SC_FUSION SC_SKILLRATE_UP SC_SKE SC_KAITE SC_SWOO SC_SKA e_gasp e_what e_ho e_lv e_swt e_ic e_an e_ag e_cash e_dots e_scissors e_rock e_paper e_korea ATF_SELF ATF_LONG e_lv2 e_thx e_wah e_sry e_heh e_swt2 e_hmm e_no1 ATF_SHORT e_no e_omg e_oh e_X e_hlp e_go e_sob e_gg e_kis e_kis2 e_pif ATF_TARGET e_ok e_bzz e_rice e_awsm e_meh e_shy e_pat e_mp e_slur e_com e_yawn e_grat e_hp e_philippines e_usa e_indonesia e_brazil e_flash e_turn e_sigh e_proud e_loud e_ohnoes e_dice PET_CLASS PET_NAME PET_LEVEL bossnia_02 bossnia_01 PET_HUNGRY PET_INTIMATE MOB_NAME MOB_LV z_agit bossnia_04 bossnia_03 MOB_MAXHP MOB_BASEEXP MOB_JOBEXP MOB_ATK1 MOB_ATK2 MOB_DEF MOB_MDEF MOB_STR MOB_AGI MOB_VIT MOB_INT MOB_DEX MOB_LUK MOB_RANGE MOB_RANGE2 MOB_RANGE3 MOB_SIZE MOB_RACE MOB_ELEMENT MOB_MODE ALL_CLIENT ALL_SAMEMAP AREA AREA_WOS AREA_WOC AREA_WOSC AREA_CHAT_WOC CHAT CHAT_WOS CHAT_MAINCHAT PARTY PARTY_WOS PARTY_SAMEMAP PARTY_SAMEMAP_WOS PARTY_AREA PARTY_AREA_WOS GUILD GUILD_WOS GUILD_SAMEMAP GUILD_SAMEMAP_WOS GUILD_AREA GUILD_AREA_WOS SELF BF_NORMAL BF_SKILL</Keywords>
            	<Keywords name="type1">@ $@ . .@</Keywords>
	        <Keywords name="type2">$ # ##</Keywords>
		<Keywords name="type3"></Keywords>
		<Keywords name="type4"></Keywords>
        </Language>

<!--
		<Language name="" ext="" commentLine="" commentStart="" commentEnd="">
            <Keywords name="instre1"></Keywords>
			<Keywords name="instre2"></Keywords>
            <Keywords name="type1"></Keywords>
	        <Keywords name="type2"></Keywords>
			<Keywords name="type3"></Keywords>
			<Keywords name="type4"></Keywords>
        </Language>
-->
    </Languages>
</NotepadPlus>
