<NotepadPlus>
    <UserLang name="Ragnarok" ext="txt">
        <Settings>
            <Global caseIgnored="yes" />
            <TreatAsSymbol comment="no" commentLine="yes" />
            <Prefix words1="no" words2="yes" words3="yes" words4="yes" />
        </Settings>
        <KeywordLists>
            <Keywords name="Delimiters">&quot;0&quot;&quot;00</Keywords>
            <Keywords name="Folder+">//BlockStart</Keywords>
            <Keywords name="Folder-">//BlockEnd</Keywords>
            <Keywords name="Operators">- ! &quot; % &amp; ( ) * , : ; [ ] | + &lt; = &gt;</Keywords>
            <Keywords name="Comment">1 2 0//</Keywords>
            <Keywords name="Words1">activatepset addtimer addtimercount addtoskill adopt agitcheck agitend agitstart announce areaannounce areamonster areawarp atcommand atoi attachnpctimer attachrid autoequip awake axtoi basicskillcheck bonus bonus2 bonus3 bonus4 isequipped break switch script bpet callfunc callshop callsub case cardscnt isequippedcnt changebase while changesex getskilllist delwaitingroom bonusautoscript &#x0D;&#x0A;bonusautoscript2 maprespawnguildid duplicate defpatterndeletepset deactivatepset eaclass activatepset charcommand charisalpha checkcart checkchatting changebaseroclass jobname checkequipedcard checkfalcon checkoption checkoption1 checkoption2 checkriding checkvending checkweight classchange cleararray clearitem clone close close2 cmdothernpc compare copyarray countitem countitem2 cutin cutincard day deactivatepset debugmes defpattern deletearray deletepset deletewaitingroom delitem delitem2 deltimer detachnpctimer detachrid disablearena disablenpc disablewaitingroomevent disable_items disguise dispbottom distance divorce doevent donpcevent eaclass emotion enablearena enablenpc enablewaitingroomevent enable_items end equip failedrefitem failedremovecards flagemblem function getareadropitem getareausers getarg getarraysize getbattleflag getbrokenid getcastledata getcastlename getcharid getchildid getd getelementofarray getequipcardcnt getequipcardid getequipid getequipisenableref getequipisequiped getequipisidentify getequipname getequippercentrefinery getequiprefinerycnt getequipweaponlv getexp getfatherid getgdskilllv getgmlevel getguildmaster getguildmasterid getguildname getinventorylist getitem getitem2 getiteminfo getitemname getitemslots getlook getmapguildusers getmapmobs getmapusers getmapxy getmobdata getmonsterinfo getmotherid getnameditem getpartnerid getpartyleader getpartymember getpartyname getpetinfo getrefine getsavepoint getscrate getskillist getskilllv getstrlen gettime gettimestr gettimetick getusers getusersname getvariableofnpc getwaitingroomstate globalmes else goto groupranditem guardian guardianinfo guildchangegm guildgetexp guildopenstorage guildskill gvgoff gvgon hasitems heal hideoffnpc hideonnpc homunculus_evolution if initnpctimer inittimer input isday isequiped isequipedcnt isloggedin isnight ispartneron itemheal itemskill jobchange jobname jump_zero killmonster killmonsterall logmes makeitem makepet mapannounce maprespawnguild mapwarp marriage menu mes message misceffect mobassist mobattach mobcount mobremove mobspawn monster movenpc next night npcshopadditem npcshopattach npcshopdelitem npcshopitem npcskilleffect npcspeed npcstop npctalk npcwalkto nude openstorage pcblockmove pcfollow pcstopfollow percentheal pet petheal petloot petrecovery petskillattack petskillattack2 petskillbonus petskillsupport petstat playerattached pow produce prompt pvpoff pvpon query_sql rand readparam recovery removemapflag repair requestguildinfo resetlvl resetskill resetstatus return rid2name roclass save savepoint sc_end sc_start sc_start2 sc_start4 select set setarray setbattleflag setcart setcastledata setd setfalcon setiteminfo setitemscript setlook setmapflag setmapflagnosafe setmobdata setnpctimer setoption setriding skill skilleffect skillpointcount sleep sleep2 soundeffect soundeffectall specialeffect specialeffect2 sqrt startnpctimer statusup statusup2 stopnpctimer stoptimer strcharinfo strmobinfo successrefitem successremovecards summon undisguise unequip unitattack unitdeadsit unitemote unitkill unitskilluseid unitskillusepos unitstop unittalk unitwalk unitwarp viewpoint waitingroom waitingroomkickall warp warpchar warpguild warppartner warpparty warpportal warpwaitingpc wedding wedding_effect</Keywords>
            <Keywords name="Words2">wizard_3-1 alb_ship alb2trea alberta alberta_in alde_dun01 alde_dun02 SC_SMA&#x0D;&#x0A;SC_SPEARQUICKEN SC_SPEED SC_SUITON SC_SUMMER SC_TATAMIGAESHI OnPCLoginEvent moscovia itemmall IG_RedBox_2 IG_BleuBox g_room1 OnPCLogoutEvent EQI_ACC_L PCLoginEvent PcBaseLvUpEvent&#x0D;&#x0A;EQI_ACC_R PcJobLvUpEvent bIgnoreDefMob bDamageWhenUnequip&#x0D;&#x0A;EQI_ARMOR bMatk bSpeed bSPSubRace2 OnPCLogoutEvent&#x0D;&#x0A;OnInit&#x0D;&#x0A;OnInterIfInit&#x0D;&#x0A;OnInterIfInitOnce&#x0D;&#x0A;OnAgitStart&#x0D;&#x0A;OnAgitEnd OnTimerQuit&#x0D;&#x0A;OnAgitInit&#x0D;&#x0A;EQI_GARMENT&#x0D;&#x0A;EQI_HAND_L&#x0D;&#x0A;EQI_HAND_R&#x0D;&#x0A;EQI_HEAD_LOW OnPCDieEvent&#x0D;&#x0A;EQI_HEAD_MID OnNPCKillEvent OnPCKillEvent PCLoadMapEvent&#x0D;&#x0A;EQI_HEAD_TOP bSPRegenRate&#x0D;&#x0A;EQI_SHOES cave bSkillHeal&#x0D;&#x0A;mosk_dun01 hunter_2 hunter_1 force_2 force_4&#x0D;&#x0A;mosk_dun02 Job_Novice hunter_3 force_1 force_3 force_5&#x0D;&#x0A;mosk_dun03&#x0D;&#x0A;mosk_fild01 OnPCLoadMapEvent&#x0D;&#x0A;mosk_fild02 PCDieEvent&#x0D;&#x0A;mosk_in moc_fild20&#x0D;&#x0A;moc_fild21 knight_3 knight_2 knight_1&#x0D;&#x0A;moc_fild22&#x0D;&#x0A;mosk_ship Option_Summer SC_DEFENCE SC_MIRACLE SC_NEN SC_MADNESSCANCEL new_ SC_ITEMBOOST priest_ SC_ARMOR SC_CHANGE SC_BLOODLUST SC_AVOID schg_cas01 ordeal_&#x0D;&#x0A;schg_cas02 pvp_y_&#x0D;&#x0A;schg_cas03 que_moc_16&#x0D;&#x0A;que_moon que_ba pvp_n_&#x0D;&#x0A;schg_cas04&#x0D;&#x0A;schg_cas05&#x0D;&#x0A;sch_gld que_temsky que_san04&#x0D;&#x0A;SC_ADJUSTMENT&#x0D;&#x0A;SC_BOSSMAPINFO SC_BUNSINJYUTSU&#x0D;&#x0A;SC_CHANGEUNDEADSC_INCREASING SC_INCBASEATK&#x0D;&#x0A;SC_INCCRI&#x0D;&#x0A;SC_INCDEF SC_FLEET SC_FASTCAST&#x0D;&#x0A;SC_FLING SC_EXPBOOST SC_ELEMENTALCHANGE&#x0D;&#x0A;SC_ENCHANTARMS&#x0D;&#x0A;SC_JAILED SC_INCASPDRATE SC_GATLINGFEVER&#x0D;&#x0A;SC_MAGICALATTACK SC_LIFEINSURANCE SC_KNOWLEDGE SC_KAENSIN&#x0D;&#x0A;SC_MODECHANGE SC_TKREST sword_1 sword_2 sword_3 test wizard_3 wizard_2 wizard_1 alde_dun03 SC_UTSUSEMI alde_dun04 aldeba_in aldebaran anthell01 anthell02 arena_room c_tower1 c_tower2 c_tower3 c_tower4 force_1-1 force_1-2 force_1-3 force_2-1 force_2-2 force_2-3 force_3-1 force_3-2 force_3-3 gef_dun00 gef_dun01 gef_dun02 gef_dun03 gef_fild00 gef_fild01 gef_fild02 gef_fild03 gef_fild04 gef_fild05 gef_fild06 gef_fild07 gef_fild08 gef_fild09 gef_fild10 gef_fild11 gef_fild12 gef_fild13 gef_fild14 gef_tower geffen geffen_in gl_cas01 gl_cas02 gl_church gl_chyard gl_dun01 gl_dun02 gl_in01 gl_knt01 gl_knt02 gl_prison gl_prison1 gl_sew01 gl_sew02 gl_sew03 gl_sew04 gl_step glast_01 hunter_1-1 hunter_2-1 hunter_3-1 in_hunter in_moc_16 in_orcs01 in_sphinx1 in_sphinx2 in_sphinx3 in_sphinx4 in_sphinx5 iz_dun00 iz_dun01 iz_dun02 iz_dun03 iz_dun04 job_sword1 izlu2dun izlude izlude_in job_thief1 knight_1-1 knight_2-1 knight_3-1 mjo_dun01 mjo_dun02 mjo_dun03 mjolnir_01 mjolnir_02 mjolnir_03 mjolnir_04 mjolnir_05 mjolnir_06 mjolnir_07 mjolnir_08 mjolnir_09 mjolnir_10 mjolnir_11 mjolnir_12 moc_castle moc_fild01 moc_fild02 moc_fild03 moc_fild04 moc_fild05 moc_fild06 moc_fild07 moc_fild08 moc_fild09 moc_fild10 moc_fild11 moc_fild12 moc_fild13 moc_fild14 moc_fild15 moc_fild16 moc_fild17 moc_fild18 moc_fild19 moc_pryd01 moc_pryd02 moc_pryd03 moc_pryd04 moc_pryd05 moc_pryd06 moc_prydb1 moc_ruins monk_in morocc morocc_in new_1-1 new_1-2 new_1-3 new_1-4 new_2-1 new_2-2 new_2-3 new_2-4 new_3-1 new_3-2 new_3-3 new_3-4 new_4-1 new_4-2 new_4-3 new_4-4 new_5-1 new_5-2 new_5-3 new_5-4 orcsdun01 orcsdun02 ordeal_1-1 ordeal_1-2 ordeal_1-3 ordeal_1-4 ordeal_2-1 ordeal_2-2 ordeal_2-3 ordeal_2-4 ordeal_3-1 ordeal_3-2 ordeal_3-3 ordeal_3-4 pay_arche pay_dun00 pay_dun01 pay_dun02 pay_dun03 pay_dun04 pay_fild01 pay_fild02 pay_fild03 pay_fild04 pay_fild05 pay_fild06 pay_fild07 pay_fild08 pay_fild09 pay_fild10 pay_fild11 payon payon_in01 payon_in02 priest_1-1 priest_2-1 priest_3-1 prontera prt_are_in prt_are01 pvp_room prt_castle prt_church prt_fild00 prt_fild01 prt_fild02 prt_fild03 prt_fild04 prt_fild05 prt_fild06 prt_fild07 prt_fild08 prt_fild09 prt_fild10 prt_fild11 prt_in prt_maze01 prt_maze02 prt_maze03 prt_monk prt_sewb1 prt_sewb2 prt_sewb3 prt_sewb4 pvp_2vs2 pvp_c_room pvp_n_1-1 pvp_n_1-2 pvp_n_1-3 pvp_n_1-4 pvp_n_1-5 pvp_n_2-1 pvp_n_2-2 pvp_n_2-3 pvp_n_2-4 pvp_n_2-5 pvp_n_3-1 pvp_n_3-2 pvp_n_3-3 pvp_n_3-4 pvp_n_3-5 pvp_n_4-1 pvp_n_4-2 pvp_n_4-3 pvp_n_4-4 pvp_n_4-5 pvp_n_5-1 pvp_n_5-2 pvp_n_5-3 pvp_n_5-4 pvp_n_5-5 pvp_n_6-1 pvp_n_6-2 pvp_n_6-3 pvp_n_6-4 pvp_n_6-5 pvp_n_7-1 pvp_n_7-2 pvp_n_7-3 pvp_n_7-4 pvp_n_7-5 pvp_n_8-1 pvp_n_8-2 pvp_n_8-3 pvp_n_8-4 pvp_n_8-5 pvp_n_room pvp_y_1-1 pvp_y_1-2 pvp_y_1-3 pvp_y_1-4 pvp_y_1-5 pvp_y_2-1 pvp_y_2-2 pvp_y_2-3 pvp_y_2-4 pvp_y_2-5 pvp_y_3-1 pvp_y_3-2 pvp_y_3-3 pvp_y_3-4 pvp_y_3-5 pvp_y_4-1 pvp_y_4-2 pvp_y_4-3 pvp_y_4-4 pvp_y_4-5 pvp_y_5-1 pvp_y_5-2 pvp_y_5-3 pvp_y_5-4 pvp_y_5-5 pvp_y_6-1 pvp_y_6-2 pvp_y_6-3 pvp_y_6-4 pvp_y_6-5 pvp_y_7-1 pvp_y_7-2 pvp_y_7-3 pvp_y_7-4 pvp_y_7-5 pvp_y_8-1 pvp_y_8-2 pvp_y_8-3 pvp_y_8-4 pvp_y_8-5 pvp_y_room sword_1-1 sword_2-1 sword_3-1 treasure01 treasure02 wizard_1-1 wizard_2-1 wizard_3-1 xmas xmas_dun01 xmas_dun02 xmas_fild01 xmas_in beach_dun beach_dun2 beach_dun3 cmd_fild01 cmd_fild02 cmd_fild03 cmd_fild04 cmd_fild05 cmd_fild06 cmd_fild07 cmd_fild08 cmd_fild09 cmd_in01 cmd_in02 comodo quiz_00 quiz_01 g_room1-1 g_room1-2 g_room1-3 g_room2 tur_dun01 tur_dun02 tur_dun03 tur_dun04 tur_dun05 tur_dun06 alde_gld aldeg_cas01 aldeg_cas02 aldeg_cas03 aldeg_cas04 aldeg_cas05 gefg_cas01 gefg_cas02 gefg_cas03 gefg_cas04 gefg_cas05 gld_dun01 gld_dun02 gld_dun03 gld_dun04 guild_room guild_vs1 guild_vs2 guild_vs3 guild_vs4 guild_vs5 guild_vs1-1 guild_vs1-2 guild_vs1-3 guild_vs1-4 guild_vs2-1 guild_vs2-2 job_hunte job_knt job_prist job_wiz pay_gld payg_cas01 payg_cas02 payg_cas03 payg_cas04 payg_cas05 prt_gld prtg_cas01 prtg_cas02 prtg_cas03 prtg_cas04 prtg_cas05 alde_alche in_rogue job_cru job_duncer job_monk job_sage mag_dun01 mag_dun02 monk_test quiz_test yuno yuno_fild01 yuno_fild02 yuno_fild03 yuno_fild04 yuno_in01 yuno_in02 yuno_in03 yuno_in04 yuno_in05 ama_dun01 ama_dun02 ama_dun03 ama_fild01 ama_in01 ama_in02 ama_test amatsu gon_dun01 gon_dun02 gon_dun03 gon_fild01 gon_in gon_test gonryun sec_in01 sec_in02 sec_pri umbala um_dun01 um_dun02 um_fild01 um_fild02 um_fild03 um_fild04 um_in niflheim nif_fild01 nif_fild02 nif_in yggdrasil01 valkyrie himinn lou_in01 lou_in02 lou_dun03 lou_dun02 lou_dun01 lou_fild01 louyang siege_test n_castle nguild_gef nguild_prt nguild_pay nguild_alde jawaii jawaii_in gefenia01 gefenia02 gefenia03 gefenia04 new_zone01 new_zone02 new_zone03 new_zone04 payon_in03 ayothaya ayo_in01 ayo_in02 ayo_fild01 ayo_fild02 ayo_dun01 ayo_dun02 que_god01 que_god02 yuno_fild05 yuno_fild07 yuno_fild08 yuno_fild09 yuno_fild11 yuno_fild12 alde_tt02 turbo_n_1 turbo_n_4 turbo_n_8 turbo_n_16 turbo_e_4 turbo_e_8 turbo_e_16 turbo_room airplane airport einbech einbroch ein_dun01 ein_dun02 ein_fild06 ein_fild07 ein_fild08 ein_fild09 ein_fild10 ein_in01 que_sign01 que_sign02 ein_fild03 ein_fild04 lhz_fild02 lhz_fild03 yuno_pre lhz_fild01 lighthalzen lhz_in01 lhz_in02 lhz_in03 lhz_que01 lhz_dun01 lhz_dun02 lhz_dun03 lhz_cube juperos_01 juperos_02 jupe_area1 jupe_area2 jupe_core jupe_ele jupe_ele_r jupe_gate y_airport lhz_airport airplane_01 jupe_cave quiz_02 hu_fild07 hu_fild05 hu_fild04 hu_fild01 yuno_fild06 job_soul job_star que_job01 que_job02 que_job03 abyss_01 abyss_02 abyss_03 thana_step thana_boss tha_scene01 tha_t01 tha_t02 tha_t03 tha_t04 tha_t07 tha_t05 tha_t06 tha_t08 tha_t09 tha_t10 tha_t11 tha_t12 auction_01 auction_02 hugel hu_in01 que_bingo que_hugel p_track01 p_track02 odin_tem01 odin_tem02 odin_tem03 hu_fild02 hu_fild03 hu_fild06 ein_fild01 ein_fild02 ein_fild05 yuno_fild10 kh_kiehl02 kh_kiehl01 kh_dun02 kh_dun01 kh_mansion kh_rossi kh_school kh_vila force_map1 force_map2 force_map3 job_hunter job_knight job_priest job_wizard ve_in02 rachel ra_in01 ra_fild01 ra_fild02 ra_fild03 ra_fild04 ra_fild05 ra_fild06 ra_fild07 ra_fild08 ra_fild09 ra_fild10 ra_fild11 ra_fild12 ra_fild13 ra_san01 ra_san02 ra_san03 ra_san04 ra_san05 ra_temin ra_temple ra_temsky que_rachel ice_dun01 ice_dun02 ice_dun03 ice_dun04 que_thor thor_camp thor_v01 thor_v02 thor_v03 veins ve_in ve_fild01 ve_fild02 ve_fild03 ve_fild04 ve_fild05 ve_fild06 ve_fild07 poring_c01 poring_c02 que_ng nameless_i nameless_n nameless_in abbey01 abbey02 abbey03 poring_w01 poring_w02 rwc01 rwc02 rwc03 prontera_x alberta_x aldebaran_x geffen_x izlude_x prt_church_x prontera_s pay_arche_s xmas_old ordeal_a00 ordeal_a02 fay_vilg00 fay_vilg01 gef_vilg00 gef_vilg01 moc_dugn01 moc_dugn02 moc_fild01 moc_fild02 moc_fild03 moc_fild04 moc_intr00 moc_intr01 moc_intr02 moc_intr04 moc_vilg00 moc_vilg01 moc_vilg02 probemap probemap02 prt_cstl01 prt_dugn00 prt_dugn01 prt_fild00 prt_fild01 prt_fild03 prt_fild04 prt_fild05 prt_intr01 prt_intr01_a prt_intr02 prt_vilg00 prt_vilg01 prt_vilg02 tank_test tank_test2 testJob_Novice Job_Swordman Job_Mage Job_Archer Job_Acolyte Job_Merchant Job_Thief Job_Knight Job_Priest Job_Wizard Job_Blacksmith Job_Hunter Job_Assassin Job_Knight2 Job_Crusader Job_Monk Job_Sage Job_Rogue Job_Alchem Job_Bard Job_Dancer Job_Crusader2 Job_Wedding Job_SuperNovice Job_Gunslinger Job_Ninja Job_Xmas Job_Novice_High Job_Swordman_High Job_Mage_High Job_Archer_High Job_Acolyte_High Job_Merchant_High Job_Thief_High Job_Lord_Knight Job_High_Priest Job_High_Wizard Job_Whitesmith Job_Sniper Job_Assassin_Cross Job_Lord_Knight2 Job_Paladin Job_Champion Job_Professor Job_Stalker Job_Creator Job_Clown Job_Gypsy Job_Paladin2 Job_Baby Job_Baby_Swordman Job_Baby_Mage Job_Baby_Archer Job_Baby_Acolyte Job_Baby_Merchant Job_Baby_Thief Job_Baby_Knight Job_Baby_Priest Job_Baby_Wizard Job_Baby_Blacksmith Job_Baby_Hunter Job_Baby_Assassin Job_Baby_Knight2 Job_Baby_Crusader Job_Baby_Monk Job_Baby_Sage Job_Baby_Rogue Job_Baby_Alchem Job_Baby_Bard Job_Baby_Dancer Job_Baby_Crusader2 Job_Super_Baby Job_Taekwon Job_Star_Gladiator Job_Star_Gladiator2 Job_Soul_Linker EAJL_2_1 EAJL_2_2 EAJL_2 EAJL_UPPER EAJL_BABY EAJ_UPPERMASK EAJ_BASEMASK EAJ_NOVICE EAJ_SWORDMAN EAJ_MAGE EAJ_ARCHER EAJ_ACOLYTE EAJ_MERCHANT EAJ_THIEF EAJ_TAEKWON EAJ_GUNSLINGER EAJ_NINJA EAJ_SUPER_NOVICE EAJ_KNIGHT EAJ_WIZARD EAJ_HUNTER EAJ_PRIEST EAJ_BLACKSMITH EAJ_ASSASSIN EAJ_STAR_GLADIATOR EAJ_CRUSADER EAJ_SAGE EAJ_BARDDANCER EAJ_MONK EAJ_ALCHEMIST EAJ_ROGUE EAJ_SOUL_LINKER EAJ_NOVICE_HIGH EAJ_SWORDMAN_HIGH EAJ_MAGE_HIGH EAJ_ARCHER_HIGH EAJ_ACOLYTE_HIGH EAJ_MERCHANT_HIGH EAJ_THIEF_HIGH EAJ_LORD_KNIGHT EAJ_HIGH_WIZARD EAJ_SNIPER EAJ_HIGH_PRIEST EAJ_WHITESMITH EAJ_ASSASSIN_CROSS EAJ_PALADIN EAJ_PROFESSOR EAJ_CLOWNGYPSY EAJ_CHAMPION EAJ_CREATOR EAJ_STALKER EAJ_BABY EAJ_BABY_SWORDMAN EAJ_BABY_MAGE EAJ_BABY_ARCHER EAJ_BABY_ACOLYTE EAJ_BABY_MERCHANT EAJ_BABY_THIEF EAJ_BABY_TAEKWON EAJ_SUPER_BABY EAJ_BABY_KNIGHT EAJ_BABY_WIZARD EAJ_BABY_HUNTER EAJ_BABY_PRIEST EAJ_BABY_BLACKSMITH EAJ_BABY_ASSASSIN EAJ_BABY_STAR_GLADIATOR EAJ_BABY_CRUSADER EAJ_BABY_SAGE EAJ_BABY_BARDDANCER EAJ_BABY_MONK EAJ_BABY_ALCHEMIST EAJ_BABY_ROGUE EAJ_BABY_SOUL_LINKER Option_Wedding Option_Xmas bc_all bc_map bc_area bc_self bc_pc bc_npc bc_yellow bc_blue mf_nomemo mf_noteleport mf_nosave mf_nobranch mf_nopenalty mf_nozenypenalty mf_pvp mf_pvp_noparty mf_pvp_noguild mf_gvg mf_gvg_noparty mf_notrade mf_noskill mf_nowarp mf_partylock mf_noicewall mf_snow mf_fog mf_sakura mf_leaves mf_rain mf_indoors mf_nogo mf_clouds mf_clouds2 mf_fireworks mf_gvg_castle mf_gvg_dungeon mf_nightenabled mf_nobaseexp mf_nojobexp mf_nomobloot mf_nomvploot mf_noreturn mf_nowarpto mf_nonightmaredrop mf_restricted mf_nocommand mf_nodrop mf_jexp mf_bexp mf_novending mf_loadevent mf_nochat mf_noexppenalty mf_guildlock cell_wall cell_water cell_ground cell_regen cell_basilica cell_npc StatusPoint BaseLevel SkillPoint Class Upper Zeny Sex Weight MaxWeight JobLevel BaseExp JobExp Karma Manner NextBaseExp NextJobExp Hp MaxHp Sp MaxSp BaseJob BaseClass bMaxHP bMaxSP bStr bAgi bVit bInt bDex bLuk bAtk bAtk2 bDef bDef2 bMdef bMdef2 bHit bFlee bFlee2 bCritical bAspd bFame bUnbreakable bAtkRange bAtkEle bDefEle bCastrate bMaxHPrate bMaxSPrate bUseSPrate bAddEle bAddRace bAddSize bSubEle bSubRace bAddEff bResEff bBaseAtk bAspdRate bHPrecovRate bSPrecovRate bSpeedRate bCriticalDef bNearAtkDef bLongAtkDef bDoubleRate bDoubleAddRate bMatkRate bIgnoreDefEle bIgnoreDefRace bAtkRate bSpeedAddRate bMagicAtkDef bMiscAtkDef bIgnoreMdefEle bIgnoreMdefRace bMagicAddEle bMagicAddRace bMagicAddSize bPerfectHitRate bPerfectHitAddRate bCriticalRate bGetZenyNum bAddGetZenyNum bAddDamageClass bAddMagicDamageClass bAddDefClass bAddMdefClass bAddMonsterDropItem bDefRatioAtkEle bDefRatioAtkRace bAddSpeed bHitRate bFleeRate bFlee2Rate bDefRate bDef2Rate bMdefRate bMdef2Rate bSplashRange bSplashAddRange bAutoSpell bHPDrainRate bSPDrainRate bShortWeaponDamageReturn bLongWeaponDamageReturn bWeaponComaEle bWeaponComaRace bAddEff2 bBreakWeaponRate bBreakArmorRate bAddStealRate bMagicDamageReturn bRandomAttackIncrease bAllStats bAgiVit bAgiDexStr bPerfectHide bNoKnockback bClassChange bHPDrainValue bSPDrainValue bWeaponAtk bWeaponAtkRate bDelayrate bHPDrainRateRace bSPDrainRateRace bRestartFullRecover bNoCastCancel bNoSizeFix bNoMagicDamage bNoWeaponDamage bNoGemStone bNoCastCancel2 bHPRegenRate bNoMiscDamage bUnbreakableWeapon bUnbreakableArmor bIgnoreMdefRate bUnbreakableHelm bUnbreakableShield bLongAtkRate bCritAtkRate bCriticalAddRace bNoRegen bAddEffWhenHit bAutoSpellWhenHit bSkillAtk bUnstripable bAddDamageByClass bSPGainValue bHPLossRate bAddRace2 bHPGainValue bSubSize bHPDrainValueRace bAddItemHealRate bSPDrainValueRace bExpAddRace bSPGainRace bSubRace2 bAddEffWhenHitShort bUnstripableWeapon bUnstripableArmor bUnstripableHelm bUnstripableShield bIntravision bAddMonsterDropItemGroup bSPLossRate bAddSkillBlow bSPVanishRate Eff_Stone Eff_Freeze Eff_Stan Eff_Stun Eff_Sleep Eff_Poison Eff_Curse Eff_Silence Eff_Confusion Eff_Blind Eff_Bleeding Eff_DPoison Ele_Neutral Ele_Water Ele_Earth Ele_Fire Ele_Wind Ele_Poison Ele_Holy Ele_Dark Ele_Ghost Ele_Undead RC_Formless RC_Undead RC_Brute RC_Plant RC_Insect RC_Fish RC_Demon RC_DemiHuman RC_Angel RC_Dragon RC_Boss RC_NonBoss BF_WEAPON BF_MAGIC BF_MISC BF_SHORT BF_LONG IG_BlueBox IG_VioletBox IG_CardAlbum IG_GiftBox IG_ScrollBox IG_FingingOre IG_CookieBag IG_FirstAid IG_Herb IG_Fruit IG_Meat IG_Candy IG_Juice IG_Fish IG_Box IG_Gemstone IG_Resist IG_Ore IG_Food IG_Recovery IG_Mineral IG_Taming IG_Scroll IG_Quiver IG_Mask IG_Accesory IG_Jewel IG_GiftBox_1 IG_GiftBox_2 IG_GiftBox_3 IG_GiftBox_4 IG_EggBoy IG_EggGirl IG_GiftBoxChina IG_LottoBox IG_FoodBag IG_Potion SC_ALL SC_STONE SC_FREEZE SC_STAN SC_STUN SC_SLEEP SC_POISON SC_CURSE SC_SILENCE SC_CONFUSION SC_BLIND SC_BLEEDING SC_DPOISON SC_PROVOKE SC_ENDURE SC_TWOHANDQUICKEN SC_CONCENTRATE SC_HIDING SC_CLOAKING SC_ENCPOISON SC_POISONREACT SC_QUAGMIRE SC_ANGELUS SC_BLESSING SC_SIGNUMCRUCIS SC_INCREASEAGI SC_DECREASEAGI SC_SLOWPOISON SC_IMPOSITIO SC_SUFFRAGIUM SC_ASPERSIO SC_BENEDICTIO SC_KYRIE SC_MAGNIFICAT SC_GLORIA SC_AETERNA SC_ADRENALINE SC_WEAPONPERFECTION SC_OVERTHRUST SC_MAXIMIZEPOWER SC_TRICKDEAD SC_LOUD SC_ENERGYCOAT SC_BROKENARMOR SC_BROKENWEAPON SC_HALLUCINATION SC_WEIGHT50 SC_WEIGHT90 SC_ASPDPOTION0 SC_ASPDPOTION1 SC_ASPDPOTION2 SC_ASPDPOTION3 SC_SPEEDUP0 SC_SPEEDUP1 SC_ATKPOTION SC_MATKPOTION SC_WEDDING SC_SLOWDOWN SC_ANKLE SC_KEEPING SC_BARRIER SC_STRIPWEAPON SC_STRIPSHIELD SC_STRIPARMOR SC_STRIPHELM SC_CP_WEAPON SC_CP_SHIELD SC_CP_ARMOR SC_CP_HELM SC_AUTOGUARD SC_REFLECTSHIELD SC_SPLASHER SC_PROVIDENCE SC_DEFENDER SC_MAGICROD SC_SPELLBREAKER SC_AUTOSPELL SC_SIGHTTRASHER SC_AUTOBERSERK SC_SPEARSQUICKEN SC_AUTOCOUNTER SC_SIGHT SC_SAFETYWALL SC_RUWACH SC_EXTREMITYFIST SC_EXPLOSIONSPIRITS SC_COMBO SC_BLADESTOP_WAIT SC_BLADESTOP SC_FIREWEAPON SC_WATERWEAPON SC_WINDWEAPON SC_EARTHWEAPON SC_VOLCANO SC_DELUGE SC_VIOLENTGALE SC_WATK_ELEMENT SC_LANDPROTECTOR SC_ARMOR_ELEMENT SC_NOCHAT SC_BABY SC_AURABLADE SC_PARRYING SC_CONCENTRATION SC_TENSIONRELAX SC_BERSERK SC_FURY SC_GOSPEL SC_ASSUMPTIO SC_BASILICA SC_GUILDAURA SC_MAGICPOWER SC_EDP SC_TRUESIGHT SC_WINDWALK SC_MELTDOWN SC_CARTBOOST SC_CHASEWALK SC_REJECTSWORD SC_MARIONETTE SC_MARIONETTE2 SC_MOONLIT SC_JOINTBEAT SC_MINDBREAKER SC_MEMORIZE SC_FOGWALL SC_SPIDERWEB SC_DEVOTION SC_SACRIFICE SC_STEELBODY SC_ORCISH SC_READYSTORM SC_READYDOWN SC_READYTURN SC_READYCOUNTER SC_DODGE SC_RUN SC_SHADOWWEAPON SC_ADRENALINE2 SC_GHOSTWEAPON SC_KAIZEL SC_KAAHI SC_KAUPE SC_ONEHAND SC_PRESERVE SC_BATTLEORDERS SC_REGENERATION SC_DOUBLECAST SC_GRAVITATION SC_MAXOVERTHRUST SC_LONGING SC_HERMODE SC_SHRINK SC_SIGHTBLASTER SC_WINKCHARM SC_CLOSECONFINE SC_CLOSECONFINE2 SC_DANCING SC_LULLABY SC_RICHMANKIM SC_ETERNALCHAOS SC_DRUMBATTLE SC_NIBELUNGEN SC_ROKISWEIL SC_INTOABYSS SC_SIEGFRIED SC_WHISTLE SC_ASSNCROS SC_POEMBRAGI SC_APPLEIDUN SC_UGLYDANCE SC_HUMMING SC_DONTFORGETME SC_FORTUNE SC_SERVICE4U SC_STOP SC_SPURT SC_SPIRIT SC_COMA SC_INTRAVISION SC_INCALLSTATUS SC_INCSTR SC_INCAGI SC_INCVIT SC_INCINT SC_INCDEX SC_INCLUK SC_INCHIT SC_INCHITRATE SC_INCFLEE SC_INCFLEERATE SC_INCMHPRATE SC_INCMSPRATE SC_INCATKRATE SC_INCMATKRATE SC_INCDEFRATE SC_STRFOOD SC_AGIFOOD SC_VITFOOD SC_INTFOOD SC_DEXFOOD SC_LUKFOOD SC_HITFOOD SC_FLEEFOOD SC_BATKFOOD SC_WATKFOOD SC_MATKFOOD SC_SCRESIST SC_XMAS SC_WARM SC_SUN_COMFORT SC_MOON_COMFORT SC_STAR_COMFORT SC_FUSION SC_SKILLRATE_UP SC_SKE SC_KAITE SC_SWOO SC_SKA e_gasp e_what e_ho e_lv e_swt e_ic e_an e_ag e_cash e_dots e_scissors e_rock e_paper e_korea ATF_SELF ATF_LONG e_lv2 e_thx e_wah e_sry e_heh e_swt2 e_hmm e_no1 ATF_SHORT e_no e_omg e_oh e_X e_hlp e_go e_sob e_gg e_kis e_kis2 e_pif ATF_TARGET e_ok e_bzz e_rice e_awsm e_meh e_shy e_pat e_mp e_slur e_com e_yawn e_grat e_hp e_philippines e_usa e_indonesia e_brazil e_flash e_turn e_sigh e_proud e_loud e_ohnoes e_dice PET_CLASS PET_NAME PET_LEVEL bossnia_02 bossnia_01 PET_HUNGRY PET_INTIMATE MOB_NAME MOB_LV z_agit bossnia_04 bossnia_03 MOB_MAXHP MOB_BASEEXP MOB_JOBEXP MOB_ATK1 MOB_ATK2 MOB_DEF MOB_MDEF MOB_STR MOB_AGI MOB_VIT MOB_INT MOB_DEX MOB_LUK MOB_RANGE MOB_RANGE2 MOB_RANGE3 MOB_SIZE MOB_RACE MOB_ELEMENT MOB_MODE ALL_CLIENT ALL_SAMEMAP AREA AREA_WOS AREA_WOC AREA_WOSC AREA_CHAT_WOC CHAT CHAT_WOS CHAT_MAINCHAT PARTY PARTY_WOS PARTY_SAMEMAP PARTY_SAMEMAP_WOS PARTY_AREA PARTY_AREA_WOS GUILD GUILD_WOS GUILD_SAMEMAP GUILD_SAMEMAP_WOS GUILD_AREA GUILD_AREA_WOS SELF BF_NORMAL BF_SKILL</Keywords>
            <Keywords name="Words3">@ $@ . .@</Keywords>
            <Keywords name="Words4">$ # ##</Keywords>
        </KeywordLists>
        <Styles>
            <WordsStyle name="DEFAULT" styleID="11" fgColor="000000" bgColor="FFFFFF" fontName="Verdana" fontStyle="0" />
            <WordsStyle name="FOLDEROPEN" styleID="12" fgColor="004000" bgColor="FFFFFF" fontName="Verdana" fontStyle="0" />
            <WordsStyle name="FOLDERCLOSE" styleID="13" fgColor="004000" bgColor="FFFFFF" fontName="Verdana" fontStyle="0" />
            <WordsStyle name="KEYWORD1" styleID="5" fgColor="000077" bgColor="FFFFFF" fontName="Verdana" fontStyle="0" />
            <WordsStyle name="KEYWORD2" styleID="6" fgColor="FF0000" bgColor="FFFFFF" fontName="Verdana" fontStyle="0" />
            <WordsStyle name="KEYWORD3" styleID="7" fgColor="0080C0" bgColor="FFFFFF" fontName="Verdana" fontStyle="0" fontSize="9" />
            <WordsStyle name="KEYWORD4" styleID="8" fgColor="AE0057" bgColor="FFFFFF" fontName="Verdana" fontStyle="0" fontSize="9" />
            <WordsStyle name="COMMENT" styleID="1" fgColor="008000" bgColor="FFFFFF" fontName="Lucida Console" fontStyle="0" />
            <WordsStyle name="COMMENT LINE" styleID="2" fgColor="008000" bgColor="FFFFFF" fontName="Lucida Console" fontStyle="0" fontSize="11" />
            <WordsStyle name="NUMBER" styleID="4" fgColor="800080" bgColor="FFFFFF" fontName="Verdana" fontStyle="0" />
            <WordsStyle name="OPERATOR" styleID="10" fgColor="FF0000" bgColor="FFFFFF" fontName="Verdana" fontStyle="0" />
            <WordsStyle name="DELIMINER1" styleID="14" fgColor="555555" bgColor="FFFFFF" fontName="Verdana" fontStyle="0" fontSize="9" />
            <WordsStyle name="DELIMINER2" styleID="15" fgColor="000000" bgColor="FFFFFF" fontName="Verdana" fontStyle="0" />
            <WordsStyle name="DELIMINER3" styleID="16" fgColor="000000" bgColor="FFFFFF" fontName="Verdana" fontStyle="0" />
        </Styles>
    </UserLang>
</NotepadPlus>
